"","Water_Year","State","Category","Region","Apportionment_Countable","Consumptive_Use","Consumptive_Use_MAF","Date"
"1",1971,"Arizona","Agriculture","Lower Basin","Yes",1054471,1.054471,1971-01-01
"2",1971,"Arizona","Agriculture","Upper Basin","Yes",3348.86471004534,0.00334886471004534,1971-01-01
"3",1971,"Arizona","Export","Lower Basin","Yes",0,0,1971-01-01
"4",1971,"Arizona","Export","Upper Basin","Yes",0,0,1971-01-01
"5",1971,"Arizona","Export Within System","Lower Basin","Yes",0,0,1971-01-01
"6",1971,"Arizona","Import","Upper Basin","Yes",0,0,1971-01-01
"7",1971,"Arizona","Mineral","Upper Basin","Yes",0,0,1971-01-01
"8",1971,"Arizona","Municipal and Industrial","Lower Basin","Yes",11541,0.011541,1971-01-01
"9",1971,"Arizona","Municipal and Industrial","Upper Basin","Yes",2409.9,0.0024099,1971-01-01
"10",1971,"Arizona","Power","Lower Basin","Yes",0,0,1971-01-01
"11",1971,"Arizona","Power","Upper Basin","Yes",0,0,1971-01-01
"12",1971,"Arizona","Reservoir Evaporation","Upper Basin","Yes",4053.704,0.004053704,1971-01-01
"13",1971,"California","Agriculture","Lower Basin","Yes",419459,0.419459,1971-01-01
"14",1971,"California","Export","Lower Basin","Yes",3669117,3.669117,1971-01-01
"15",1971,"California","Export Within System","Lower Basin","Yes",0,0,1971-01-01
"16",1971,"California","Municipal and Industrial","Lower Basin","Yes",3751,0.003751,1971-01-01
"17",1971,"California","Power","Lower Basin","Yes",0,0,1971-01-01
"18",1971,"Colorado","Agriculture","Upper Basin","Yes",1304607.39874997,1.30460739874997,1971-01-01
"19",1971,"Colorado","Export","Upper Basin","Yes",324879.15,0.32487915,1971-01-01
"20",1971,"Colorado","Import","Upper Basin","Yes",-1.01,-1.01e-06,1971-01-01
"21",1971,"Colorado","Mineral","Upper Basin","Yes",13634.4,0.0136344,1971-01-01
"22",1971,"Colorado","Municipal and Industrial","Upper Basin","Yes",15124.2,0.0151242,1971-01-01
"23",1971,"Colorado","Power","Upper Basin","Yes",3827.49,0.00382749,1971-01-01
"24",1971,"Colorado","Reservoir Evaporation","Upper Basin","Yes",64574.6459014961,0.0645746459014961,1971-01-01
"25",1971,"Lake Powell","Reservoir Evaporation","Upper Basin","Yes",295321.6081958,0.2953216081958,1971-01-01
"26",1971,"Lower Basin Reservoirs","Reservoir Evaporation","Lower Basin","No",725105,0.725105,1971-01-01
"27",1971,"Mexico","Mexico Deliveries","Mexico","Yes",1283239,1.283239,1971-01-01
"28",1971,"Nevada","Agriculture","Lower Basin","Yes",0,0,1971-01-01
"29",1971,"Nevada","Export","Lower Basin","Yes",0,0,1971-01-01
"30",1971,"Nevada","Export Within System","Lower Basin","Yes",0,0,1971-01-01
"31",1971,"Nevada","Municipal and Industrial","Lower Basin","Yes",33757,0.033757,1971-01-01
"32",1971,"Nevada","Power","Lower Basin","Yes",4079,0.004079,1971-01-01
"33",1971,"New Mexico","Agriculture","Upper Basin","Yes",85515.5009384046,0.0855155009384046,1971-01-01
"34",1971,"New Mexico","Export","Upper Basin","Yes",54269.1576,0.0542691576,1971-01-01
"35",1971,"New Mexico","Mineral","Upper Basin","Yes",1854.4,0.0018544,1971-01-01
"36",1971,"New Mexico","Municipal and Industrial","Upper Basin","Yes",3240.9,0.0032409,1971-01-01
"37",1971,"New Mexico","Power","Upper Basin","Yes",11079.841,0.011079841,1971-01-01
"38",1971,"New Mexico","Reservoir Evaporation","Upper Basin","Yes",18463.3843244,0.0184633843244,1971-01-01
"39",1971,"Utah","Agriculture","Upper Basin","Yes",577102.779097722,0.577102779097722,1971-01-01
"40",1971,"Utah","Export","Upper Basin","Yes",97620.2068143645,0.0976202068143645,1971-01-01
"41",1971,"Utah","Import","Upper Basin","Yes",-4040,-0.00404,1971-01-01
"42",1971,"Utah","Mineral","Upper Basin","Yes",7312.72000000001,0.00731272000000001,1971-01-01
"43",1971,"Utah","Municipal and Industrial","Upper Basin","Yes",5235.3,0.0052353,1971-01-01
"44",1971,"Utah","Power","Upper Basin","Yes",1454.97115789379,0.00145497115789379,1971-01-01
"45",1971,"Utah","Reservoir Evaporation","Upper Basin","Yes",108566.490660777,0.108566490660777,1971-01-01
"46",1971,"Wyoming","Agriculture","Upper Basin","Yes",310172.777932032,0.310172777932032,1971-01-01
"47",1971,"Wyoming","Export","Upper Basin","Yes",5998.44554645098,0.00599844554645098,1971-01-01
"48",1971,"Wyoming","Import","Upper Basin","Yes",0,0,1971-01-01
"49",1971,"Wyoming","Mineral","Upper Basin","Yes",8420.8,0.0084208,1971-01-01
"50",1971,"Wyoming","Municipal and Industrial","Upper Basin","Yes",2742.3,0.0027423,1971-01-01
"51",1971,"Wyoming","Power","Upper Basin","Yes",4256.28380427553,0.00425628380427553,1971-01-01
"52",1971,"Wyoming","Reservoir Evaporation","Upper Basin","Yes",23637.1354830085,0.0236371354830085,1971-01-01
"53",1972,"Arizona","Agriculture","Lower Basin","Yes",1132922,1.132922,1972-01-01
"54",1972,"Arizona","Agriculture","Upper Basin","Yes",3980.72011360725,0.00398072011360725,1972-01-01
"55",1972,"Arizona","Export","Lower Basin","Yes",0,0,1972-01-01
"56",1972,"Arizona","Export","Upper Basin","Yes",0,0,1972-01-01
"57",1972,"Arizona","Export Within System","Lower Basin","Yes",0,0,1972-01-01
"58",1972,"Arizona","Import","Upper Basin","Yes",0,0,1972-01-01
"59",1972,"Arizona","Mineral","Upper Basin","Yes",0,0,1972-01-01
"60",1972,"Arizona","Municipal and Industrial","Lower Basin","Yes",16304,0.016304,1972-01-01
"61",1972,"Arizona","Municipal and Industrial","Upper Basin","Yes",3481.7,0.0034817,1972-01-01
"62",1972,"Arizona","Power","Lower Basin","Yes",0,0,1972-01-01
"63",1972,"Arizona","Power","Upper Basin","Yes",0,0,1972-01-01
"64",1972,"Arizona","Reservoir Evaporation","Upper Basin","Yes",4600,0.0046,1972-01-01
"65",1972,"California","Agriculture","Lower Basin","Yes",488420,0.48842,1972-01-01
"66",1972,"California","Export","Lower Basin","Yes",4820414,4.820414,1972-01-01
"67",1972,"California","Export Within System","Lower Basin","Yes",0,0,1972-01-01
"68",1972,"California","Municipal and Industrial","Lower Basin","Yes",4669,0.004669,1972-01-01
"69",1972,"California","Power","Lower Basin","Yes",0,0,1972-01-01
"70",1972,"Colorado","Agriculture","Upper Basin","Yes",1335535.69040463,1.33553569040463,1972-01-01
"71",1972,"Colorado","Export","Upper Basin","Yes",468157.930103518,0.468157930103518,1972-01-01
"72",1972,"Colorado","Import","Upper Basin","Yes",-381.97,-0.00038197,1972-01-01
"73",1972,"Colorado","Mineral","Upper Basin","Yes",18069.2,0.0180692,1972-01-01
"74",1972,"Colorado","Municipal and Industrial","Upper Basin","Yes",18615.5,0.0186155,1972-01-01
"75",1972,"Colorado","Power","Upper Basin","Yes",4245.01,0.00424501,1972-01-01
"76",1972,"Colorado","Reservoir Evaporation","Upper Basin","Yes",65373.7054302612,0.0653737054302612,1972-01-01
"77",1972,"Lake Powell","Reservoir Evaporation","Upper Basin","Yes",389710.4624375,0.3897104624375,1972-01-01
"78",1972,"Lower Basin Reservoirs","Reservoir Evaporation","Lower Basin","No",996166,0.996166,1972-01-01
"79",1972,"Mexico","Mexico Deliveries","Mexico","Yes",1600485,1.600485,1972-01-01
"80",1972,"Nevada","Agriculture","Lower Basin","Yes",0,0,1972-01-01
"81",1972,"Nevada","Export","Lower Basin","Yes",0,0,1972-01-01
"82",1972,"Nevada","Export Within System","Lower Basin","Yes",0,0,1972-01-01
"83",1972,"Nevada","Municipal and Industrial","Lower Basin","Yes",66295,0.066295,1972-01-01
"84",1972,"Nevada","Power","Lower Basin","Yes",10725,0.010725,1972-01-01
"85",1972,"New Mexico","Agriculture","Upper Basin","Yes",100453.612463547,0.100453612463547,1972-01-01
"86",1972,"New Mexico","Export","Upper Basin","Yes",41067.311304,0.041067311304,1972-01-01
"87",1972,"New Mexico","Mineral","Upper Basin","Yes",2546.4,0.0025464,1972-01-01
"88",1972,"New Mexico","Municipal and Industrial","Upper Basin","Yes",4066.2,0.0040662,1972-01-01
"89",1972,"New Mexico","Power","Upper Basin","Yes",19883.2775,0.0198832775,1972-01-01
"90",1972,"New Mexico","Reservoir Evaporation","Upper Basin","Yes",20760.6122182,0.0207606122182,1972-01-01
"91",1972,"Utah","Agriculture","Upper Basin","Yes",595310.721713807,0.595310721713807,1972-01-01
"92",1972,"Utah","Export","Upper Basin","Yes",120201.93795753,0.12020193795753,1972-01-01
"93",1972,"Utah","Import","Upper Basin","Yes",-3478,-0.003478,1972-01-01
"94",1972,"Utah","Mineral","Upper Basin","Yes",9666.84000000001,0.00966684000000001,1972-01-01
"95",1972,"Utah","Municipal and Industrial","Upper Basin","Yes",6466.2,0.0064662,1972-01-01
"96",1972,"Utah","Power","Upper Basin","Yes",1735.20783985614,0.00173520783985614,1972-01-01
"97",1972,"Utah","Reservoir Evaporation","Upper Basin","Yes",136557.611184668,0.136557611184668,1972-01-01
"98",1972,"Wyoming","Agriculture","Upper Basin","Yes",296837.200016765,0.296837200016765,1972-01-01
"99",1972,"Wyoming","Export","Upper Basin","Yes",8732.99999999999,0.00873299999999999,1972-01-01
"100",1972,"Wyoming","Import","Upper Basin","Yes",0,0,1972-01-01
"101",1972,"Wyoming","Mineral","Upper Basin","Yes",11748.8,0.0117488,1972-01-01
"102",1972,"Wyoming","Municipal and Industrial","Upper Basin","Yes",3383.1,0.0033831,1972-01-01
"103",1972,"Wyoming","Power","Upper Basin","Yes",4781.53875802475,0.00478153875802475,1972-01-01
"104",1972,"Wyoming","Reservoir Evaporation","Upper Basin","Yes",30112.2959694676,0.0301122959694676,1972-01-01
"105",1973,"Arizona","Agriculture","Lower Basin","Yes",1054358,1.054358,1973-01-01
"106",1973,"Arizona","Agriculture","Upper Basin","Yes",4870.73231241995,0.00487073231241995,1973-01-01
"107",1973,"Arizona","Export","Lower Basin","Yes",0,0,1973-01-01
"108",1973,"Arizona","Export","Upper Basin","Yes",0,0,1973-01-01
"109",1973,"Arizona","Export Within System","Lower Basin","Yes",0,0,1973-01-01
"110",1973,"Arizona","Import","Upper Basin","Yes",0,0,1973-01-01
"111",1973,"Arizona","Mineral","Upper Basin","Yes",0,0,1973-01-01
"112",1973,"Arizona","Municipal and Industrial","Lower Basin","Yes",15803,0.015803,1973-01-01
"113",1973,"Arizona","Municipal and Industrial","Upper Basin","Yes",3267.6,0.0032676,1973-01-01
"114",1973,"Arizona","Power","Lower Basin","Yes",0,0,1973-01-01
"115",1973,"Arizona","Power","Upper Basin","Yes",0,0,1973-01-01
"116",1973,"Arizona","Reservoir Evaporation","Upper Basin","Yes",3454.388,0.003454388,1973-01-01
"117",1973,"California","Agriculture","Lower Basin","Yes",468270,0.46827,1973-01-01
"118",1973,"California","Export","Lower Basin","Yes",4578419,4.578419,1973-01-01
"119",1973,"California","Export Within System","Lower Basin","Yes",0,0,1973-01-01
"120",1973,"California","Municipal and Industrial","Lower Basin","Yes",4554,0.004554,1973-01-01
"121",1973,"California","Power","Lower Basin","Yes",0,0,1973-01-01
"122",1973,"Colorado","Agriculture","Upper Basin","Yes",1184131.70436746,1.18413170436746,1973-01-01
"123",1973,"Colorado","Export","Upper Basin","Yes",420741.22,0.42074122,1973-01-01
"124",1973,"Colorado","Import","Upper Basin","Yes",-427.39,-0.00042739,1973-01-01
"125",1973,"Colorado","Mineral","Upper Basin","Yes",18246.8,0.0182468,1973-01-01
"126",1973,"Colorado","Municipal and Industrial","Upper Basin","Yes",19198.6,0.0191986,1973-01-01
"127",1973,"Colorado","Power","Upper Basin","Yes",5251,0.005251,1973-01-01
"128",1973,"Colorado","Reservoir Evaporation","Upper Basin","Yes",63868.5611889114,0.0638685611889114,1973-01-01
"129",1973,"Lake Powell","Reservoir Evaporation","Upper Basin","Yes",421303.3621044,0.4213033621044,1973-01-01
"130",1973,"Lower Basin Reservoirs","Reservoir Evaporation","Lower Basin","No",1022736,1.022736,1973-01-01
"131",1973,"Mexico","Mexico Deliveries","Mexico","Yes",1593723,1.593723,1973-01-01
"132",1973,"Nevada","Agriculture","Lower Basin","Yes",2,2e-06,1973-01-01
"133",1973,"Nevada","Export","Lower Basin","Yes",0,0,1973-01-01
"134",1973,"Nevada","Export Within System","Lower Basin","Yes",0,0,1973-01-01
"135",1973,"Nevada","Municipal and Industrial","Lower Basin","Yes",77277,0.077277,1973-01-01
"136",1973,"Nevada","Power","Lower Basin","Yes",11042,0.011042,1973-01-01
"137",1973,"New Mexico","Agriculture","Upper Basin","Yes",96783.2929624984,0.0967832929624984,1973-01-01
"138",1973,"New Mexico","Export","Upper Basin","Yes",174876.2091,0.1748762091,1973-01-01
"139",1973,"New Mexico","Mineral","Upper Basin","Yes",2686.4,0.0026864,1973-01-01
"140",1973,"New Mexico","Municipal and Industrial","Upper Basin","Yes",4266.2,0.0042662,1973-01-01
"141",1973,"New Mexico","Power","Upper Basin","Yes",21641.74,0.02164174,1973-01-01
"142",1973,"New Mexico","Reservoir Evaporation","Upper Basin","Yes",28256.602,0.028256602,1973-01-01
"143",1973,"Utah","Agriculture","Upper Basin","Yes",601711.970841565,0.601711970841565,1973-01-01
"144",1973,"Utah","Export","Upper Basin","Yes",97177.9431600095,0.0971779431600095,1973-01-01
"145",1973,"Utah","Import","Upper Basin","Yes",-6031,-0.006031,1973-01-01
"146",1973,"Utah","Mineral","Upper Basin","Yes",9725.08,0.00972508,1973-01-01
"147",1973,"Utah","Municipal and Industrial","Upper Basin","Yes",6666.2,0.0066662,1973-01-01
"148",1973,"Utah","Power","Upper Basin","Yes",1863.88128744929,0.00186388128744929,1973-01-01
"149",1973,"Utah","Reservoir Evaporation","Upper Basin","Yes",135214.914728074,0.135214914728074,1973-01-01
"150",1973,"Wyoming","Agriculture","Upper Basin","Yes",285589.258445965,0.285589258445965,1973-01-01
"151",1973,"Wyoming","Export","Upper Basin","Yes",9664,0.009664,1973-01-01
"152",1973,"Wyoming","Import","Upper Basin","Yes",0,0,1973-01-01
"153",1973,"Wyoming","Mineral","Upper Basin","Yes",12628.8,0.0126288,1973-01-01
"154",1973,"Wyoming","Municipal and Industrial","Upper Basin","Yes",3483.1,0.0034831,1973-01-01
"155",1973,"Wyoming","Power","Upper Basin","Yes",6844.55833291161,0.00684455833291161,1973-01-01
"156",1973,"Wyoming","Reservoir Evaporation","Upper Basin","Yes",29599.653601281,0.029599653601281,1973-01-01
"157",1974,"Arizona","Agriculture","Lower Basin","Yes",1178946,1.178946,1974-01-01
"158",1974,"Arizona","Agriculture","Upper Basin","Yes",5370.59743100453,0.00537059743100453,1974-01-01
"159",1974,"Arizona","Export","Lower Basin","Yes",0,0,1974-01-01
"160",1974,"Arizona","Export","Upper Basin","Yes",0,0,1974-01-01
"161",1974,"Arizona","Export Within System","Lower Basin","Yes",0,0,1974-01-01
"162",1974,"Arizona","Import","Upper Basin","Yes",0,0,1974-01-01
"163",1974,"Arizona","Mineral","Upper Basin","Yes",0,0,1974-01-01
"164",1974,"Arizona","Municipal and Industrial","Lower Basin","Yes",17219,0.017219,1974-01-01
"165",1974,"Arizona","Municipal and Industrial","Upper Basin","Yes",3615.5,0.0036155,1974-01-01
"166",1974,"Arizona","Power","Lower Basin","Yes",0,0,1974-01-01
"167",1974,"Arizona","Power","Upper Basin","Yes",3899.69045530939,0.00389969045530939,1974-01-01
"168",1974,"Arizona","Reservoir Evaporation","Upper Basin","Yes",4570.74808,0.00457074808,1974-01-01
"169",1974,"California","Agriculture","Lower Basin","Yes",484276,0.484276,1974-01-01
"170",1974,"California","Export","Lower Basin","Yes",4967954,4.967954,1974-01-01
"171",1974,"California","Export Within System","Lower Basin","Yes",0,0,1974-01-01
"172",1974,"California","Municipal and Industrial","Lower Basin","Yes",4520,0.00452,1974-01-01
"173",1974,"California","Power","Lower Basin","Yes",0,0,1974-01-01
"174",1974,"Colorado","Agriculture","Upper Basin","Yes",1377319.31268397,1.37731931268397,1974-01-01
"175",1974,"Colorado","Export","Upper Basin","Yes",591186.85,0.59118685,1974-01-01
"176",1974,"Colorado","Import","Upper Basin","Yes",-113783.42,-0.11378342,1974-01-01
"177",1974,"Colorado","Mineral","Upper Basin","Yes",18419.2,0.0184192,1974-01-01
"178",1974,"Colorado","Municipal and Industrial","Upper Basin","Yes",19715.5,0.0197155,1974-01-01
"179",1974,"Colorado","Power","Upper Basin","Yes",4718.28,0.00471828,1974-01-01
"180",1974,"Colorado","Reservoir Evaporation","Upper Basin","Yes",68807.3468475496,0.0688073468475496,1974-01-01
"181",1974,"Lake Powell","Reservoir Evaporation","Upper Basin","Yes",520678.1865457,0.5206781865457,1974-01-01
"182",1974,"Lower Basin Reservoirs","Reservoir Evaporation","Lower Basin","No",1073085,1.073085,1974-01-01
"183",1974,"Mexico","Mexico Deliveries","Mexico","Yes",1720496,1.720496,1974-01-01
"184",1974,"Nevada","Agriculture","Lower Basin","Yes",42,4.2e-05,1974-01-01
"185",1974,"Nevada","Export","Lower Basin","Yes",0,0,1974-01-01
"186",1974,"Nevada","Export Within System","Lower Basin","Yes",0,0,1974-01-01
"187",1974,"Nevada","Municipal and Industrial","Lower Basin","Yes",86391,0.086391,1974-01-01
"188",1974,"Nevada","Power","Lower Basin","Yes",12962,0.012962,1974-01-01
"189",1974,"New Mexico","Agriculture","Upper Basin","Yes",104685.598004012,0.104685598004012,1974-01-01
"190",1974,"New Mexico","Export","Upper Basin","Yes",45365.55386,0.04536555386,1974-01-01
"191",1974,"New Mexico","Mineral","Upper Basin","Yes",2826.4,0.0028264,1974-01-01
"192",1974,"New Mexico","Municipal and Industrial","Upper Basin","Yes",4466.2,0.0044662,1974-01-01
"193",1974,"New Mexico","Power","Upper Basin","Yes",23429.99524,0.02342999524,1974-01-01
"194",1974,"New Mexico","Reservoir Evaporation","Upper Basin","Yes",22938.2282474,0.0229382282474,1974-01-01
"195",1974,"Utah","Agriculture","Upper Basin","Yes",611249.642037146,0.611249642037146,1974-01-01
"196",1974,"Utah","Export","Upper Basin","Yes",109479.418094314,0.109479418094314,1974-01-01
"197",1974,"Utah","Import","Upper Basin","Yes",-4100,-0.0041,1974-01-01
"198",1974,"Utah","Mineral","Upper Basin","Yes",9783.84,0.00978384,1974-01-01
"199",1974,"Utah","Municipal and Industrial","Upper Basin","Yes",6783.1,0.0067831,1974-01-01
"200",1974,"Utah","Power","Upper Basin","Yes",1849.82174538915,0.00184982174538915,1974-01-01
"201",1974,"Utah","Reservoir Evaporation","Upper Basin","Yes",151605.822712704,0.151605822712704,1974-01-01
"202",1974,"Wyoming","Agriculture","Upper Basin","Yes",348814.58628485,0.34881458628485,1974-01-01
"203",1974,"Wyoming","Export","Upper Basin","Yes",8505,0.008505,1974-01-01
"204",1974,"Wyoming","Import","Upper Basin","Yes",0,0,1974-01-01
"205",1974,"Wyoming","Mineral","Upper Basin","Yes",13508.8,0.0135088,1974-01-01
"206",1974,"Wyoming","Municipal and Industrial","Upper Basin","Yes",3666.2,0.0036662,1974-01-01
"207",1974,"Wyoming","Power","Upper Basin","Yes",9457.4354930352,0.0094574354930352,1974-01-01
"208",1974,"Wyoming","Reservoir Evaporation","Upper Basin","Yes",30547.2560071735,0.0305472560071735,1974-01-01
"209",1975,"Arizona","Agriculture","Lower Basin","Yes",1197397,1.197397,1975-01-01
"210",1975,"Arizona","Agriculture","Upper Basin","Yes",4523.19923834712,0.00452319923834712,1975-01-01
"211",1975,"Arizona","Export","Lower Basin","Yes",0,0,1975-01-01
"212",1975,"Arizona","Export","Upper Basin","Yes",0,0,1975-01-01
"213",1975,"Arizona","Export Within System","Lower Basin","Yes",0,0,1975-01-01
"214",1975,"Arizona","Import","Upper Basin","Yes",0,0,1975-01-01
"215",1975,"Arizona","Mineral","Upper Basin","Yes",0,0,1975-01-01
"216",1975,"Arizona","Municipal and Industrial","Lower Basin","Yes",13978,0.013978,1975-01-01
"217",1975,"Arizona","Municipal and Industrial","Upper Basin","Yes",3035.2,0.0030352,1975-01-01
"218",1975,"Arizona","Power","Lower Basin","Yes",0,0,1975-01-01
"219",1975,"Arizona","Power","Upper Basin","Yes",10557.1549256378,0.0105571549256378,1975-01-01
"220",1975,"Arizona","Reservoir Evaporation","Upper Basin","Yes",3999.99592,0.00399999592,1975-01-01
"221",1975,"California","Agriculture","Lower Basin","Yes",452790,0.45279,1975-01-01
"222",1975,"California","Export","Lower Basin","Yes",4461438,4.461438,1975-01-01
"223",1975,"California","Export Within System","Lower Basin","Yes",0,0,1975-01-01
"224",1975,"California","Municipal and Industrial","Lower Basin","Yes",4435,0.004435,1975-01-01
"225",1975,"California","Power","Lower Basin","Yes",0,0,1975-01-01
"226",1975,"Colorado","Agriculture","Upper Basin","Yes",1280350.58582201,1.28035058582201,1975-01-01
"227",1975,"Colorado","Export","Upper Basin","Yes",677844.954863544,0.677844954863544,1975-01-01
"228",1975,"Colorado","Import","Upper Basin","Yes",-137282.01,-0.13728201,1975-01-01
"229",1975,"Colorado","Mineral","Upper Basin","Yes",18589.2,0.0185892,1975-01-01
"230",1975,"Colorado","Municipal and Industrial","Upper Basin","Yes",20215.5,0.0202155,1975-01-01
"231",1975,"Colorado","Power","Upper Basin","Yes",5435.63,0.00543563,1975-01-01
"232",1975,"Colorado","Reservoir Evaporation","Upper Basin","Yes",63724.6531353982,0.0637246531353982,1975-01-01
"233",1975,"Lake Powell","Reservoir Evaporation","Upper Basin","Yes",537085.1283289,0.5370851283289,1975-01-01
"234",1975,"Lower Basin Reservoirs","Reservoir Evaporation","Lower Basin","No",1044078,1.044078,1975-01-01
"235",1975,"Mexico","Mexico Deliveries","Mexico","Yes",1655579,1.655579,1975-01-01
"236",1975,"Nevada","Agriculture","Lower Basin","Yes",4,4e-06,1975-01-01
"237",1975,"Nevada","Export","Lower Basin","Yes",0,0,1975-01-01
"238",1975,"Nevada","Export Within System","Lower Basin","Yes",0,0,1975-01-01
"239",1975,"Nevada","Municipal and Industrial","Lower Basin","Yes",80912,0.080912,1975-01-01
"240",1975,"Nevada","Power","Lower Basin","Yes",14262,0.014262,1975-01-01
"241",1975,"New Mexico","Agriculture","Upper Basin","Yes",96871.6004927278,0.0968716004927278,1975-01-01
"242",1975,"New Mexico","Export","Upper Basin","Yes",137368.66,0.13736866,1975-01-01
"243",1975,"New Mexico","Mineral","Upper Basin","Yes",2966.4,0.0029664,1975-01-01
"244",1975,"New Mexico","Municipal and Industrial","Upper Basin","Yes",4749.3,0.0047493,1975-01-01
"245",1975,"New Mexico","Power","Upper Basin","Yes",26576.906381,0.026576906381,1975-01-01
"246",1975,"New Mexico","Reservoir Evaporation","Upper Basin","Yes",26286.822,0.026286822,1975-01-01
"247",1975,"Utah","Agriculture","Upper Basin","Yes",502845.150109159,0.502845150109159,1975-01-01
"248",1975,"Utah","Export","Upper Basin","Yes",99480.2123761977,0.0994802123761977,1975-01-01
"249",1975,"Utah","Import","Upper Basin","Yes",-6358,-0.006358,1975-01-01
"250",1975,"Utah","Mineral","Upper Basin","Yes",9842.83999999999,0.00984283999999999,1975-01-01
"251",1975,"Utah","Municipal and Industrial","Upper Basin","Yes",6883.1,0.0068831,1975-01-01
"252",1975,"Utah","Power","Upper Basin","Yes",5845.60633513009,0.00584560633513009,1975-01-01
"253",1975,"Utah","Reservoir Evaporation","Upper Basin","Yes",140083.652152971,0.140083652152971,1975-01-01
"254",1975,"Wyoming","Agriculture","Upper Basin","Yes",265526.299817437,0.265526299817437,1975-01-01
"255",1975,"Wyoming","Export","Upper Basin","Yes",6626.00000000001,0.00662600000000001,1975-01-01
"256",1975,"Wyoming","Import","Upper Basin","Yes",0,0,1975-01-01
"257",1975,"Wyoming","Mineral","Upper Basin","Yes",14388.8,0.0143888,1975-01-01
"258",1975,"Wyoming","Municipal and Industrial","Upper Basin","Yes",3783.1,0.0037831,1975-01-01
"259",1975,"Wyoming","Power","Upper Basin","Yes",12118.3415267512,0.0121183415267512,1975-01-01
"260",1975,"Wyoming","Reservoir Evaporation","Upper Basin","Yes",27784.9282566244,0.0277849282566244,1975-01-01
"261",1976,"Arizona","Agriculture","Lower Basin","Yes",1160675,1.160675,1976-01-01
"262",1976,"Arizona","Agriculture","Upper Basin","Yes",3739.09375858459,0.00373909375858459,1976-01-01
"263",1976,"Arizona","Export","Lower Basin","Yes",0,0,1976-01-01
"264",1976,"Arizona","Export","Upper Basin","Yes",0,0,1976-01-01
"265",1976,"Arizona","Export Within System","Lower Basin","Yes",0,0,1976-01-01
"266",1976,"Arizona","Import","Upper Basin","Yes",0,0,1976-01-01
"267",1976,"Arizona","Mineral","Upper Basin","Yes",0,0,1976-01-01
"268",1976,"Arizona","Municipal and Industrial","Lower Basin","Yes",12534,0.012534,1976-01-01
"269",1976,"Arizona","Municipal and Industrial","Upper Basin","Yes",2900,0.0029,1976-01-01
"270",1976,"Arizona","Power","Lower Basin","Yes",0,0,1976-01-01
"271",1976,"Arizona","Power","Upper Basin","Yes",17977.4794368117,0.0179774794368117,1976-01-01
"272",1976,"Arizona","Reservoir Evaporation","Upper Basin","Yes",3958.16184,0.00395816184,1976-01-01
"273",1976,"California","Agriculture","Lower Basin","Yes",444597,0.444597,1976-01-01
"274",1976,"California","Export","Lower Basin","Yes",4336922,4.336922,1976-01-01
"275",1976,"California","Export Within System","Lower Basin","Yes",0,0,1976-01-01
"276",1976,"California","Municipal and Industrial","Lower Basin","Yes",4305,0.004305,1976-01-01
"277",1976,"California","Power","Lower Basin","Yes",0,0,1976-01-01
"278",1976,"Colorado","Agriculture","Upper Basin","Yes",1205651.19387716,1.20565119387716,1976-01-01
"279",1976,"Colorado","Export","Upper Basin","Yes",633295.882186144,0.633295882186144,1976-01-01
"280",1976,"Colorado","Import","Upper Basin","Yes",-138483.32,-0.13848332,1976-01-01
"281",1976,"Colorado","Mineral","Upper Basin","Yes",18835.2,0.0188352,1976-01-01
"282",1976,"Colorado","Municipal and Industrial","Upper Basin","Yes",14865.26,0.01486526,1976-01-01
"283",1976,"Colorado","Power","Upper Basin","Yes",5913.18,0.00591318,1976-01-01
"284",1976,"Colorado","Reservoir Evaporation","Upper Basin","Yes",48862.5240014882,0.0488625240014882,1976-01-01
"285",1976,"Lake Powell","Reservoir Evaporation","Upper Basin","Yes",563558.1500587,0.5635581500587,1976-01-01
"286",1976,"Lower Basin Reservoirs","Reservoir Evaporation","Lower Basin","No",1045338,1.045338,1976-01-01
"287",1976,"Mexico","Mexico Deliveries","Mexico","Yes",1748916,1.748916,1976-01-01
"288",1976,"Nevada","Agriculture","Lower Basin","Yes",4,4e-06,1976-01-01
"289",1976,"Nevada","Export","Lower Basin","Yes",0,0,1976-01-01
"290",1976,"Nevada","Export Within System","Lower Basin","Yes",0,0,1976-01-01
"291",1976,"Nevada","Municipal and Industrial","Lower Basin","Yes",68577,0.068577,1976-01-01
"292",1976,"Nevada","Power","Lower Basin","Yes",14694,0.014694,1976-01-01
"293",1976,"New Mexico","Agriculture","Upper Basin","Yes",145909.538645763,0.145909538645763,1976-01-01
"294",1976,"New Mexico","Export","Upper Basin","Yes",79546.95,0.07954695,1976-01-01
"295",1976,"New Mexico","Mineral","Upper Basin","Yes",3076,0.003076,1976-01-01
"296",1976,"New Mexico","Municipal and Industrial","Upper Basin","Yes",5016.06,0.00501606,1976-01-01
"297",1976,"New Mexico","Power","Upper Basin","Yes",25878.3407403245,0.0258783407403245,1976-01-01
"298",1976,"New Mexico","Reservoir Evaporation","Upper Basin","Yes",26891.5464572,0.0268915464572,1976-01-01
"299",1976,"Utah","Agriculture","Upper Basin","Yes",499017.931434071,0.49901793143407,1976-01-01
"300",1976,"Utah","Export","Upper Basin","Yes",112753.349924106,0.112753349924106,1976-01-01
"301",1976,"Utah","Import","Upper Basin","Yes",-4700.59189791683,-0.00470059189791683,1976-01-01
"302",1976,"Utah","Mineral","Upper Basin","Yes",9859.27999999999,0.00985927999999999,1976-01-01
"303",1976,"Utah","Municipal and Industrial","Upper Basin","Yes",5545.47,0.00554547,1976-01-01
"304",1976,"Utah","Power","Upper Basin","Yes",5486.62286932172,0.00548662286932172,1976-01-01
"305",1976,"Utah","Reservoir Evaporation","Upper Basin","Yes",122464.477615967,0.122464477615967,1976-01-01
"306",1976,"Wyoming","Agriculture","Upper Basin","Yes",250030.422184209,0.250030422184209,1976-01-01
"307",1976,"Wyoming","Export","Upper Basin","Yes",9164,0.009164,1976-01-01
"308",1976,"Wyoming","Import","Upper Basin","Yes",0,0,1976-01-01
"309",1976,"Wyoming","Mineral","Upper Basin","Yes",15284,0.015284,1976-01-01
"310",1976,"Wyoming","Municipal and Industrial","Upper Basin","Yes",3234.92,0.00323492,1976-01-01
"311",1976,"Wyoming","Power","Upper Basin","Yes",17163.4864345267,0.0171634864345267,1976-01-01
"312",1976,"Wyoming","Reservoir Evaporation","Upper Basin","Yes",27302.3337598641,0.0273023337598641,1976-01-01
"313",1977,"Arizona","Agriculture","Lower Basin","Yes",1079729,1.079729,1977-01-01
"314",1977,"Arizona","Agriculture","Upper Basin","Yes",4802.45351810031,0.00480245351810031,1977-01-01
"315",1977,"Arizona","Export","Lower Basin","Yes",0,0,1977-01-01
"316",1977,"Arizona","Export","Upper Basin","Yes",0,0,1977-01-01
"317",1977,"Arizona","Export Within System","Lower Basin","Yes",0,0,1977-01-01
"318",1977,"Arizona","Import","Upper Basin","Yes",0,0,1977-01-01
"319",1977,"Arizona","Mineral","Upper Basin","Yes",0,0,1977-01-01
"320",1977,"Arizona","Municipal and Industrial","Lower Basin","Yes",13934,0.013934,1977-01-01
"321",1977,"Arizona","Municipal and Industrial","Upper Basin","Yes",3066.2,0.0030662,1977-01-01
"322",1977,"Arizona","Power","Lower Basin","Yes",0,0,1977-01-01
"323",1977,"Arizona","Power","Upper Basin","Yes",21285.4189662585,0.0212854189662585,1977-01-01
"324",1977,"Arizona","Reservoir Evaporation","Upper Basin","Yes",4128.14816,0.00412814816,1977-01-01
"325",1977,"California","Agriculture","Lower Basin","Yes",437619,0.437619,1977-01-01
"326",1977,"California","Export","Lower Basin","Yes",4372056,4.372056,1977-01-01
"327",1977,"California","Export Within System","Lower Basin","Yes",0,0,1977-01-01
"328",1977,"California","Municipal and Industrial","Lower Basin","Yes",4433,0.004433,1977-01-01
"329",1977,"California","Power","Lower Basin","Yes",0,0,1977-01-01
"330",1977,"Colorado","Agriculture","Upper Basin","Yes",1071517.10783598,1.07151710783598,1977-01-01
"331",1977,"Colorado","Export","Upper Basin","Yes",585905.79859692,0.58590579859692,1977-01-01
"332",1977,"Colorado","Import","Upper Basin","Yes",-62465.24,-0.06246524,1977-01-01
"333",1977,"Colorado","Mineral","Upper Basin","Yes",18976,0.018976,1977-01-01
"334",1977,"Colorado","Municipal and Industrial","Upper Basin","Yes",14217.05,0.01421705,1977-01-01
"335",1977,"Colorado","Power","Upper Basin","Yes",5495.74,0.00549574,1977-01-01
"336",1977,"Colorado","Reservoir Evaporation","Upper Basin","Yes",52885.4743545563,0.0528854743545563,1977-01-01
"337",1977,"Lake Powell","Reservoir Evaporation","Upper Basin","Yes",507796.4856325,0.5077964856325,1977-01-01
"338",1977,"Lower Basin Reservoirs","Reservoir Evaporation","Lower Basin","No",1076990,1.07699,1977-01-01
"339",1977,"Mexico","Mexico Deliveries","Mexico","Yes",1833044,1.833044,1977-01-01
"340",1977,"Nevada","Agriculture","Lower Basin","Yes",7,7e-06,1977-01-01
"341",1977,"Nevada","Export","Lower Basin","Yes",0,0,1977-01-01
"342",1977,"Nevada","Export Within System","Lower Basin","Yes",0,0,1977-01-01
"343",1977,"Nevada","Municipal and Industrial","Lower Basin","Yes",57760,0.05776,1977-01-01
"344",1977,"Nevada","Power","Lower Basin","Yes",15086,0.015086,1977-01-01
"345",1977,"New Mexico","Agriculture","Upper Basin","Yes",139861.334850453,0.139861334850453,1977-01-01
"346",1977,"New Mexico","Export","Upper Basin","Yes",17651.8,0.0176518,1977-01-01
"347",1977,"New Mexico","Mineral","Upper Basin","Yes",3252,0.003252,1977-01-01
"348",1977,"New Mexico","Municipal and Industrial","Upper Basin","Yes",5226.2,0.0052262,1977-01-01
"349",1977,"New Mexico","Power","Upper Basin","Yes",29794.0809076194,0.0297940809076194,1977-01-01
"350",1977,"New Mexico","Reservoir Evaporation","Upper Basin","Yes",24665.7063553,0.0246657063553,1977-01-01
"351",1977,"Utah","Agriculture","Upper Basin","Yes",276178.708049207,0.276178708049207,1977-01-01
"352",1977,"Utah","Export","Upper Basin","Yes",80835.4351295392,0.0808354351295392,1977-01-01
"353",1977,"Utah","Import","Upper Basin","Yes",-1239.52648166654,-0.00123952648166654,1977-01-01
"354",1977,"Utah","Mineral","Upper Basin","Yes",10004.4,0.0100044,1977-01-01
"355",1977,"Utah","Municipal and Industrial","Upper Basin","Yes",5461.13,0.00546113,1977-01-01
"356",1977,"Utah","Power","Upper Basin","Yes",6801.9861827474,0.0068019861827474,1977-01-01
"357",1977,"Utah","Reservoir Evaporation","Upper Basin","Yes",104960.999294246,0.104960999294246,1977-01-01
"358",1977,"Wyoming","Agriculture","Upper Basin","Yes",152195.400281675,0.152195400281675,1977-01-01
"359",1977,"Wyoming","Export","Upper Basin","Yes",5347,0.005347,1977-01-01
"360",1977,"Wyoming","Import","Upper Basin","Yes",0,0,1977-01-01
"361",1977,"Wyoming","Mineral","Upper Basin","Yes",16184,0.016184,1977-01-01
"362",1977,"Wyoming","Municipal and Industrial","Upper Basin","Yes",3319.44,0.00331944,1977-01-01
"363",1977,"Wyoming","Power","Upper Basin","Yes",27175.9469494007,0.0271759469494007,1977-01-01
"364",1977,"Wyoming","Reservoir Evaporation","Upper Basin","Yes",26025.8984315212,0.0260258984315212,1977-01-01
"365",1978,"Arizona","Agriculture","Lower Basin","Yes",1106211,1.106211,1978-01-01
"366",1978,"Arizona","Agriculture","Upper Basin","Yes",5352.81933916889,0.00535281933916889,1978-01-01
"367",1978,"Arizona","Export","Lower Basin","Yes",0,0,1978-01-01
"368",1978,"Arizona","Export","Upper Basin","Yes",0,0,1978-01-01
"369",1978,"Arizona","Export Within System","Lower Basin","Yes",0,0,1978-01-01
"370",1978,"Arizona","Import","Upper Basin","Yes",0,0,1978-01-01
"371",1978,"Arizona","Mineral","Upper Basin","Yes",0,0,1978-01-01
"372",1978,"Arizona","Municipal and Industrial","Lower Basin","Yes",15202,0.015202,1978-01-01
"373",1978,"Arizona","Municipal and Industrial","Upper Basin","Yes",3681.7,0.0036817,1978-01-01
"374",1978,"Arizona","Power","Lower Basin","Yes",0,0,1978-01-01
"375",1978,"Arizona","Power","Upper Basin","Yes",19987.6733097511,0.0199876733097511,1978-01-01
"376",1978,"Arizona","Reservoir Evaporation","Upper Basin","Yes",4308.6232,0.0043086232,1978-01-01
"377",1978,"California","Agriculture","Lower Basin","Yes",454003,0.454003,1978-01-01
"378",1978,"California","Export","Lower Basin","Yes",4146081,4.146081,1978-01-01
"379",1978,"California","Export Within System","Lower Basin","Yes",0,0,1978-01-01
"380",1978,"California","Municipal and Industrial","Lower Basin","Yes",4065,0.004065,1978-01-01
"381",1978,"California","Power","Lower Basin","Yes",0,0,1978-01-01
"382",1978,"Colorado","Agriculture","Upper Basin","Yes",1283672.0036247,1.2836720036247,1978-01-01
"383",1978,"Colorado","Export","Upper Basin","Yes",757380.778937021,0.757380778937021,1978-01-01
"384",1978,"Colorado","Import","Upper Basin","Yes",-123652.82,-0.12365282,1978-01-01
"385",1978,"Colorado","Mineral","Upper Basin","Yes",19076,0.019076,1978-01-01
"386",1978,"Colorado","Municipal and Industrial","Upper Basin","Yes",14816.91,0.01481691,1978-01-01
"387",1978,"Colorado","Power","Upper Basin","Yes",5450.98,0.00545098,1978-01-01
"388",1978,"Colorado","Reservoir Evaporation","Upper Basin","Yes",63701.3484483424,0.0637013484483424,1978-01-01
"389",1978,"Lake Powell","Reservoir Evaporation","Upper Basin","Yes",467986.3777323,0.4679863777323,1978-01-01
"390",1978,"Lower Basin Reservoirs","Reservoir Evaporation","Lower Basin","No",1018316,1.018316,1978-01-01
"391",1978,"Mexico","Mexico Deliveries","Mexico","Yes",1744496,1.744496,1978-01-01
"392",1978,"Nevada","Agriculture","Lower Basin","Yes",5,5e-06,1978-01-01
"393",1978,"Nevada","Export","Lower Basin","Yes",0,0,1978-01-01
"394",1978,"Nevada","Export Within System","Lower Basin","Yes",0,0,1978-01-01
"395",1978,"Nevada","Municipal and Industrial","Lower Basin","Yes",60493,0.060493,1978-01-01
"396",1978,"Nevada","Power","Lower Basin","Yes",9639,0.009639,1978-01-01
"397",1978,"New Mexico","Agriculture","Upper Basin","Yes",163767.406476647,0.163767406476647,1978-01-01
"398",1978,"New Mexico","Export","Upper Basin","Yes",98071.22,0.09807122,1978-01-01
"399",1978,"New Mexico","Mineral","Upper Basin","Yes",3376,0.003376,1978-01-01
"400",1978,"New Mexico","Municipal and Industrial","Upper Basin","Yes",5417.89,0.00541789,1978-01-01
"401",1978,"New Mexico","Power","Upper Basin","Yes",28674.5214788198,0.0286745214788198,1978-01-01
"402",1978,"New Mexico","Reservoir Evaporation","Upper Basin","Yes",25567.91,0.02556791,1978-01-01
"403",1978,"Utah","Agriculture","Upper Basin","Yes",519189.103954264,0.519189103954264,1978-01-01
"404",1978,"Utah","Export","Upper Basin","Yes",109070.318089527,0.109070318089527,1978-01-01
"405",1978,"Utah","Import","Upper Basin","Yes",-4648.88162041663,-0.00464888162041663,1978-01-01
"406",1978,"Utah","Mineral","Upper Basin","Yes",10050,0.01005,1978-01-01
"407",1978,"Utah","Municipal and Industrial","Upper Basin","Yes",5691.13,0.00569113,1978-01-01
"408",1978,"Utah","Power","Upper Basin","Yes",10894.571431959,0.010894571431959,1978-01-01
"409",1978,"Utah","Reservoir Evaporation","Upper Basin","Yes",107831.697400994,0.107831697400994,1978-01-01
"410",1978,"Wyoming","Agriculture","Upper Basin","Yes",274192.374926542,0.274192374926542,1978-01-01
"411",1978,"Wyoming","Export","Upper Basin","Yes",8473,0.008473,1978-01-01
"412",1978,"Wyoming","Import","Upper Basin","Yes",0,0,1978-01-01
"413",1978,"Wyoming","Mineral","Upper Basin","Yes",17008,0.017008,1978-01-01
"414",1978,"Wyoming","Municipal and Industrial","Upper Basin","Yes",3600.99,0.00360099,1978-01-01
"415",1978,"Wyoming","Power","Upper Basin","Yes",26161.276074576,0.026161276074576,1978-01-01
"416",1978,"Wyoming","Reservoir Evaporation","Upper Basin","Yes",28446.6103470343,0.0284466103470343,1978-01-01
"417",1979,"Arizona","Agriculture","Lower Basin","Yes",1001962,1.001962,1979-01-01
"418",1979,"Arizona","Agriculture","Upper Basin","Yes",6218.6502896985,0.0062186502896985,1979-01-01
"419",1979,"Arizona","Export","Lower Basin","Yes",0,0,1979-01-01
"420",1979,"Arizona","Export","Upper Basin","Yes",0,0,1979-01-01
"421",1979,"Arizona","Export Within System","Lower Basin","Yes",0,0,1979-01-01
"422",1979,"Arizona","Import","Upper Basin","Yes",0,0,1979-01-01
"423",1979,"Arizona","Mineral","Upper Basin","Yes",0,0,1979-01-01
"424",1979,"Arizona","Municipal and Industrial","Lower Basin","Yes",14271,0.014271,1979-01-01
"425",1979,"Arizona","Municipal and Industrial","Upper Basin","Yes",3633.8,0.0036338,1979-01-01
"426",1979,"Arizona","Power","Lower Basin","Yes",0,0,1979-01-01
"427",1979,"Arizona","Power","Upper Basin","Yes",20140.6453970705,0.0201406453970705,1979-01-01
"428",1979,"Arizona","Reservoir Evaporation","Upper Basin","Yes",3730.7568,0.0037307568,1979-01-01
"429",1979,"California","Agriculture","Lower Basin","Yes",459517,0.459517,1979-01-01
"430",1979,"California","Export","Lower Basin","Yes",4111758,4.111758,1979-01-01
"431",1979,"California","Export Within System","Lower Basin","Yes",0,0,1979-01-01
"432",1979,"California","Municipal and Industrial","Lower Basin","Yes",2255,0.002255,1979-01-01
"433",1979,"California","Power","Lower Basin","Yes",0,0,1979-01-01
"434",1979,"Colorado","Agriculture","Upper Basin","Yes",1318002.75074417,1.31800275074417,1979-01-01
"435",1979,"Colorado","Export","Upper Basin","Yes",635207.580094472,0.635207580094472,1979-01-01
"436",1979,"Colorado","Import","Upper Basin","Yes",-128945,-0.128945,1979-01-01
"437",1979,"Colorado","Mineral","Upper Basin","Yes",19328,0.019328,1979-01-01
"438",1979,"Colorado","Municipal and Industrial","Upper Basin","Yes",15451.84,0.01545184,1979-01-01
"439",1979,"Colorado","Power","Upper Basin","Yes",7774.77,0.00777477,1979-01-01
"440",1979,"Colorado","Reservoir Evaporation","Upper Basin","Yes",62407.703690812,0.062407703690812,1979-01-01
"441",1979,"Lake Powell","Reservoir Evaporation","Upper Basin","Yes",541808.8084839,0.5418088084839,1979-01-01
"442",1979,"Lower Basin Reservoirs","Reservoir Evaporation","Lower Basin","No",1058311,1.058311,1979-01-01
"443",1979,"Mexico","Mexico Deliveries","Mexico","Yes",2766462,2.766462,1979-01-01
"444",1979,"Nevada","Agriculture","Lower Basin","Yes",6,6e-06,1979-01-01
"445",1979,"Nevada","Export","Lower Basin","Yes",0,0,1979-01-01
"446",1979,"Nevada","Export Within System","Lower Basin","Yes",0,0,1979-01-01
"447",1979,"Nevada","Municipal and Industrial","Lower Basin","Yes",68631,0.068631,1979-01-01
"448",1979,"Nevada","Power","Lower Basin","Yes",10991,0.010991,1979-01-01
"449",1979,"New Mexico","Agriculture","Upper Basin","Yes",186599.479829742,0.186599479829742,1979-01-01
"450",1979,"New Mexico","Export","Upper Basin","Yes",156278.43,0.15627843,1979-01-01
"451",1979,"New Mexico","Mineral","Upper Basin","Yes",3552,0.003552,1979-01-01
"452",1979,"New Mexico","Municipal and Industrial","Upper Basin","Yes",5632.82,0.00563282,1979-01-01
"453",1979,"New Mexico","Power","Upper Basin","Yes",30359.7359690876,0.0303597359690876,1979-01-01
"454",1979,"New Mexico","Reservoir Evaporation","Upper Basin","Yes",29076.04,0.02907604,1979-01-01
"455",1979,"Utah","Agriculture","Upper Basin","Yes",550864.994083688,0.550864994083688,1979-01-01
"456",1979,"Utah","Export","Upper Basin","Yes",128426.427722145,0.128426427722145,1979-01-01
"457",1979,"Utah","Import","Upper Basin","Yes",-4970,-0.00497,1979-01-01
"458",1979,"Utah","Mineral","Upper Basin","Yes",10126,0.010126,1979-01-01
"459",1979,"Utah","Municipal and Industrial","Upper Basin","Yes",5929.44,0.00592944,1979-01-01
"460",1979,"Utah","Power","Upper Basin","Yes",11948.0940736617,0.0119480940736617,1979-01-01
"461",1979,"Utah","Reservoir Evaporation","Upper Basin","Yes",109841.464536547,0.109841464536547,1979-01-01
"462",1979,"Wyoming","Agriculture","Upper Basin","Yes",271240.052282292,0.271240052282292,1979-01-01
"463",1979,"Wyoming","Export","Upper Basin","Yes",9751,0.009751,1979-01-01
"464",1979,"Wyoming","Import","Upper Basin","Yes",0,0,1979-01-01
"465",1979,"Wyoming","Mineral","Upper Basin","Yes",17884,0.017884,1979-01-01
"466",1979,"Wyoming","Municipal and Industrial","Upper Basin","Yes",3874.37,0.00387437,1979-01-01
"467",1979,"Wyoming","Power","Upper Basin","Yes",26817.789853241,0.026817789853241,1979-01-01
"468",1979,"Wyoming","Reservoir Evaporation","Upper Basin","Yes",28921.1597900711,0.0289211597900711,1979-01-01
"469",1980,"Arizona","Agriculture","Lower Basin","Yes",1055437,1.055437,1980-01-01
"470",1980,"Arizona","Agriculture","Upper Basin","Yes",7231.4081154976,0.0072314081154976,1980-01-01
"471",1980,"Arizona","Export","Lower Basin","Yes",0,0,1980-01-01
"472",1980,"Arizona","Export","Upper Basin","Yes",0,0,1980-01-01
"473",1980,"Arizona","Export Within System","Lower Basin","Yes",0,0,1980-01-01
"474",1980,"Arizona","Import","Upper Basin","Yes",0,0,1980-01-01
"475",1980,"Arizona","Mineral","Upper Basin","Yes",0,0,1980-01-01
"476",1980,"Arizona","Municipal and Industrial","Lower Basin","Yes",15175,0.015175,1980-01-01
"477",1980,"Arizona","Municipal and Industrial","Upper Basin","Yes",3600,0.0036,1980-01-01
"478",1980,"Arizona","Power","Lower Basin","Yes",0,0,1980-01-01
"479",1980,"Arizona","Power","Upper Basin","Yes",21825.8884189003,0.0218258884189003,1980-01-01
"480",1980,"Arizona","Reservoir Evaporation","Upper Basin","Yes",3662.33736,0.00366233736,1980-01-01
"481",1980,"California","Agriculture","Lower Basin","Yes",455576,0.455576,1980-01-01
"482",1980,"California","Export","Lower Basin","Yes",4207904,4.207904,1980-01-01
"483",1980,"California","Export Within System","Lower Basin","Yes",0,0,1980-01-01
"484",1980,"California","Municipal and Industrial","Lower Basin","Yes",2621,0.002621,1980-01-01
"485",1980,"California","Power","Lower Basin","Yes",0,0,1980-01-01
"486",1980,"Colorado","Agriculture","Upper Basin","Yes",1324490.44212259,1.32449044212259,1980-01-01
"487",1980,"Colorado","Export","Upper Basin","Yes",524472.63,0.52447263,1980-01-01
"488",1980,"Colorado","Import","Upper Basin","Yes",-129048.15,-0.12904815,1980-01-01
"489",1980,"Colorado","Mineral","Upper Basin","Yes",19476,0.019476,1980-01-01
"490",1980,"Colorado","Municipal and Industrial","Upper Basin","Yes",16075.22,0.01607522,1980-01-01
"491",1980,"Colorado","Power","Upper Basin","Yes",9276.38,0.00927638,1980-01-01
"492",1980,"Colorado","Reservoir Evaporation","Upper Basin","Yes",75952.8540986321,0.0759528540986321,1980-01-01
"493",1980,"Lake Powell","Reservoir Evaporation","Upper Basin","Yes",632343.0051335,0.6323430051335,1980-01-01
"494",1980,"Lower Basin Reservoirs","Reservoir Evaporation","Lower Basin","No",1085634,1.085634,1980-01-01
"495",1980,"Mexico","Mexico Deliveries","Mexico","Yes",6140261,6.140261,1980-01-01
"496",1980,"Nevada","Agriculture","Lower Basin","Yes",5,5e-06,1980-01-01
"497",1980,"Nevada","Export","Lower Basin","Yes",0,0,1980-01-01
"498",1980,"Nevada","Export Within System","Lower Basin","Yes",0,0,1980-01-01
"499",1980,"Nevada","Municipal and Industrial","Lower Basin","Yes",81708,0.081708,1980-01-01
"500",1980,"Nevada","Power","Lower Basin","Yes",11668,0.011668,1980-01-01
"501",1980,"New Mexico","Agriculture","Upper Basin","Yes",210827.245038782,0.210827245038782,1980-01-01
"502",1980,"New Mexico","Export","Upper Basin","Yes",137238.1,0.1372381,1980-01-01
"503",1980,"New Mexico","Mineral","Upper Basin","Yes",3676,0.003676,1980-01-01
"504",1980,"New Mexico","Municipal and Industrial","Upper Basin","Yes",5844.51,0.00584451,1980-01-01
"505",1980,"New Mexico","Power","Upper Basin","Yes",34881.4002268265,0.0348814002268265,1980-01-01
"506",1980,"New Mexico","Reservoir Evaporation","Upper Basin","Yes",30250.1594556,0.0302501594556,1980-01-01
"507",1980,"Utah","Agriculture","Upper Basin","Yes",530651.524679671,0.530651524679671,1980-01-01
"508",1980,"Utah","Export","Upper Basin","Yes",109912.447141664,0.109912447141664,1980-01-01
"509",1980,"Utah","Import","Upper Basin","Yes",-5502,-0.005502,1980-01-01
"510",1980,"Utah","Mineral","Upper Basin","Yes",10150,0.01015,1980-01-01
"511",1980,"Utah","Municipal and Industrial","Upper Basin","Yes",6186.06,0.00618606,1980-01-01
"512",1980,"Utah","Power","Upper Basin","Yes",12821.6094236387,0.0128216094236387,1980-01-01
"513",1980,"Utah","Reservoir Evaporation","Upper Basin","Yes",114068.489259179,0.114068489259179,1980-01-01
"514",1980,"Wyoming","Agriculture","Upper Basin","Yes",264663.635491377,0.264663635491377,1980-01-01
"515",1980,"Wyoming","Export","Upper Basin","Yes",9269.99999999999,0.00926999999999999,1980-01-01
"516",1980,"Wyoming","Import","Upper Basin","Yes",0,0,1980-01-01
"517",1980,"Wyoming","Mineral","Upper Basin","Yes",18784,0.018784,1980-01-01
"518",1980,"Wyoming","Municipal and Industrial","Upper Basin","Yes",4185.92,0.00418592,1980-01-01
"519",1980,"Wyoming","Power","Upper Basin","Yes",29953.4146278791,0.0299534146278791,1980-01-01
"520",1980,"Wyoming","Reservoir Evaporation","Upper Basin","Yes",29065.7272998825,0.0290657272998825,1980-01-01
"521",1981,"Arizona","Agriculture","Lower Basin","Yes",1250647,1.250647,1981-01-01
"522",1981,"Arizona","Agriculture","Upper Basin","Yes",7548.96082316714,0.00754896082316714,1981-01-01
"523",1981,"Arizona","Export","Lower Basin","Yes",0,0,1981-01-01
"524",1981,"Arizona","Export","Upper Basin","Yes",0,0,1981-01-01
"525",1981,"Arizona","Export Within System","Lower Basin","Yes",0,0,1981-01-01
"526",1981,"Arizona","Import","Upper Basin","Yes",0,0,1981-01-01
"527",1981,"Arizona","Mineral","Upper Basin","Yes",0,0,1981-01-01
"528",1981,"Arizona","Municipal and Industrial","Lower Basin","Yes",16823,0.016823,1981-01-01
"529",1981,"Arizona","Municipal and Industrial","Upper Basin","Yes",6076.38,0.00607638,1981-01-01
"530",1981,"Arizona","Power","Lower Basin","Yes",0,0,1981-01-01
"531",1981,"Arizona","Power","Upper Basin","Yes",21447.1785693347,0.0214471785693347,1981-01-01
"532",1981,"Arizona","Reservoir Evaporation","Upper Basin","Yes",5383.29924,0.00538329924,1981-01-01
"533",1981,"California","Agriculture","Lower Basin","Yes",545572,0.545572,1981-01-01
"534",1981,"California","Export","Lower Basin","Yes",4258708,4.258708,1981-01-01
"535",1981,"California","Export Within System","Lower Basin","Yes",0,0,1981-01-01
"536",1981,"California","Municipal and Industrial","Lower Basin","Yes",3040,0.00304,1981-01-01
"537",1981,"California","Power","Lower Basin","Yes",0,0,1981-01-01
"538",1981,"Colorado","Agriculture","Upper Basin","Yes",1436175.75355374,1.43617575355374,1981-01-01
"539",1981,"Colorado","Export","Upper Basin","Yes",658663.04,0.65866304,1981-01-01
"540",1981,"Colorado","Import","Upper Basin","Yes",-120909.64,-0.12090964,1981-01-01
"541",1981,"Colorado","Mineral","Upper Basin","Yes",16748.8,0.0167488,1981-01-01
"542",1981,"Colorado","Municipal and Industrial","Upper Basin","Yes",17650.87,0.01765087,1981-01-01
"543",1981,"Colorado","Power","Upper Basin","Yes",13536.899,0.013536899,1981-01-01
"544",1981,"Colorado","Reservoir Evaporation","Upper Basin","Yes",88430.2775355732,0.0884302775355732,1981-01-01
"545",1981,"Lake Powell","Reservoir Evaporation","Upper Basin","Yes",605028.4052083,0.6050284052083,1981-01-01
"546",1981,"Lower Basin Reservoirs","Reservoir Evaporation","Lower Basin","No",1135473,1.135473,1981-01-01
"547",1981,"Mexico","Mexico Deliveries","Mexico","Yes",3865603,3.865603,1981-01-01
"548",1981,"Nevada","Agriculture","Lower Basin","Yes",5,5e-06,1981-01-01
"549",1981,"Nevada","Export","Lower Basin","Yes",0,0,1981-01-01
"550",1981,"Nevada","Export Within System","Lower Basin","Yes",0,0,1981-01-01
"551",1981,"Nevada","Municipal and Industrial","Lower Basin","Yes",97183,0.097183,1981-01-01
"552",1981,"Nevada","Power","Lower Basin","Yes",12067,0.012067,1981-01-01
"553",1981,"New Mexico","Agriculture","Upper Basin","Yes",157013.018874806,0.157013018874806,1981-01-01
"554",1981,"New Mexico","Export","Upper Basin","Yes",49603.07,0.04960307,1981-01-01
"555",1981,"New Mexico","Mineral","Upper Basin","Yes",4080,0.00408,1981-01-01
"556",1981,"New Mexico","Municipal and Industrial","Upper Basin","Yes",8888.22,0.00888822,1981-01-01
"557",1981,"New Mexico","Power","Upper Basin","Yes",32914.6178926935,0.0329146178926936,1981-01-01
"558",1981,"New Mexico","Reservoir Evaporation","Upper Basin","Yes",28433.21,0.02843321,1981-01-01
"559",1981,"Utah","Agriculture","Upper Basin","Yes",478131.386997802,0.478131386997802,1981-01-01
"560",1981,"Utah","Export","Upper Basin","Yes",103409.046161697,0.103409046161697,1981-01-01
"561",1981,"Utah","Import","Upper Basin","Yes",-5914.6567760781,-0.0059146567760781,1981-01-01
"562",1981,"Utah","Mineral","Upper Basin","Yes",9908.32,0.00990832,1981-01-01
"563",1981,"Utah","Municipal and Industrial","Upper Basin","Yes",7318.61,0.00731861,1981-01-01
"564",1981,"Utah","Power","Upper Basin","Yes",9626.87915092441,0.00962687915092442,1981-01-01
"565",1981,"Utah","Reservoir Evaporation","Upper Basin","Yes",133418.45305048,0.13341845305048,1981-01-01
"566",1981,"Wyoming","Agriculture","Upper Basin","Yes",243962.668528184,0.243962668528184,1981-01-01
"567",1981,"Wyoming","Export","Upper Basin","Yes",6991,0.006991,1981-01-01
"568",1981,"Wyoming","Import","Upper Basin","Yes",0,0,1981-01-01
"569",1981,"Wyoming","Mineral","Upper Basin","Yes",17054.4,0.0170544,1981-01-01
"570",1981,"Wyoming","Municipal and Industrial","Upper Basin","Yes",5420.02,0.00542002,1981-01-01
"571",1981,"Wyoming","Power","Upper Basin","Yes",29878.1612158586,0.0298781612158586,1981-01-01
"572",1981,"Wyoming","Reservoir Evaporation","Upper Basin","Yes",44815.3026703887,0.0448153026703887,1981-01-01
"573",1982,"Arizona","Agriculture","Lower Basin","Yes",1108276,1.108276,1982-01-01
"574",1982,"Arizona","Agriculture","Upper Basin","Yes",9029.01593379685,0.00902901593379685,1982-01-01
"575",1982,"Arizona","Export","Lower Basin","Yes",0,0,1982-01-01
"576",1982,"Arizona","Export","Upper Basin","Yes",0,0,1982-01-01
"577",1982,"Arizona","Export Within System","Lower Basin","Yes",0,0,1982-01-01
"578",1982,"Arizona","Import","Upper Basin","Yes",0,0,1982-01-01
"579",1982,"Arizona","Mineral","Upper Basin","Yes",0,0,1982-01-01
"580",1982,"Arizona","Municipal and Industrial","Lower Basin","Yes",15145,0.015145,1982-01-01
"581",1982,"Arizona","Municipal and Industrial","Upper Basin","Yes",6604.93,0.00660493,1982-01-01
"582",1982,"Arizona","Power","Lower Basin","Yes",0,0,1982-01-01
"583",1982,"Arizona","Power","Upper Basin","Yes",19822.5870164261,0.0198225870164261,1982-01-01
"584",1982,"Arizona","Reservoir Evaporation","Upper Basin","Yes",4456.1694,0.0044561694,1982-01-01
"585",1982,"California","Agriculture","Lower Basin","Yes",480345,0.480345,1982-01-01
"586",1982,"California","Export","Lower Basin","Yes",3838407,3.838407,1982-01-01
"587",1982,"California","Export Within System","Lower Basin","Yes",0,0,1982-01-01
"588",1982,"California","Municipal and Industrial","Lower Basin","Yes",3483,0.003483,1982-01-01
"589",1982,"California","Power","Lower Basin","Yes",0,0,1982-01-01
"590",1982,"Colorado","Agriculture","Upper Basin","Yes",1370275.15736113,1.37027515736113,1982-01-01
"591",1982,"Colorado","Export","Upper Basin","Yes",760039.95,0.76003995,1982-01-01
"592",1982,"Colorado","Import","Upper Basin","Yes",-153584.6,-0.1535846,1982-01-01
"593",1982,"Colorado","Mineral","Upper Basin","Yes",13128.8,0.0131288,1982-01-01
"594",1982,"Colorado","Municipal and Industrial","Upper Basin","Yes",18681.28,0.01868128,1982-01-01
"595",1982,"Colorado","Power","Upper Basin","Yes",13427.307,0.013427307,1982-01-01
"596",1982,"Colorado","Reservoir Evaporation","Upper Basin","Yes",86782.9197815186,0.0867829197815186,1982-01-01
"597",1982,"Lake Powell","Reservoir Evaporation","Upper Basin","Yes",599597.9207419,0.5995979207419,1982-01-01
"598",1982,"Lower Basin Reservoirs","Reservoir Evaporation","Lower Basin","No",1118374,1.118374,1982-01-01
"599",1982,"Mexico","Mexico Deliveries","Mexico","Yes",1670553,1.670553,1982-01-01
"600",1982,"Nevada","Agriculture","Lower Basin","Yes",4,4e-06,1982-01-01
"601",1982,"Nevada","Export","Lower Basin","Yes",0,0,1982-01-01
"602",1982,"Nevada","Export Within System","Lower Basin","Yes",0,0,1982-01-01
"603",1982,"Nevada","Municipal and Industrial","Lower Basin","Yes",88958,0.088958,1982-01-01
"604",1982,"Nevada","Power","Lower Basin","Yes",16756,0.016756,1982-01-01
"605",1982,"New Mexico","Agriculture","Upper Basin","Yes",196858.450139206,0.196858450139206,1982-01-01
"606",1982,"New Mexico","Export","Upper Basin","Yes",119092.55,0.11909255,1982-01-01
"607",1982,"New Mexico","Mineral","Upper Basin","Yes",3972,0.003972,1982-01-01
"608",1982,"New Mexico","Municipal and Industrial","Upper Basin","Yes",9167.59999999999,0.00916759999999999,1982-01-01
"609",1982,"New Mexico","Power","Upper Basin","Yes",37553.4936300806,0.0375534936300806,1982-01-01
"610",1982,"New Mexico","Reservoir Evaporation","Upper Basin","Yes",29481,0.029481,1982-01-01
"611",1982,"Utah","Agriculture","Upper Basin","Yes",459831.603818593,0.459831603818593,1982-01-01
"612",1982,"Utah","Export","Upper Basin","Yes",79221.829124628,0.079221829124628,1982-01-01
"613",1982,"Utah","Import","Upper Basin","Yes",-5966.1313705896,-0.0059661313705896,1982-01-01
"614",1982,"Utah","Mineral","Upper Basin","Yes",9589.56,0.00958956,1982-01-01
"615",1982,"Utah","Municipal and Industrial","Upper Basin","Yes",8096.77,0.00809677,1982-01-01
"616",1982,"Utah","Power","Upper Basin","Yes",10660.7932748525,0.0106607932748525,1982-01-01
"617",1982,"Utah","Reservoir Evaporation","Upper Basin","Yes",131944.451539291,0.131944451539291,1982-01-01
"618",1982,"Wyoming","Agriculture","Upper Basin","Yes",228775.402213767,0.228775402213767,1982-01-01
"619",1982,"Wyoming","Export","Upper Basin","Yes",11121,0.011121,1982-01-01
"620",1982,"Wyoming","Import","Upper Basin","Yes",0,0,1982-01-01
"621",1982,"Wyoming","Mineral","Upper Basin","Yes",14486.8,0.0144868,1982-01-01
"622",1982,"Wyoming","Municipal and Industrial","Upper Basin","Yes",5876.06,0.00587606,1982-01-01
"623",1982,"Wyoming","Power","Upper Basin","Yes",28671.8568130883,0.0286718568130883,1982-01-01
"624",1982,"Wyoming","Reservoir Evaporation","Upper Basin","Yes",45388.1040716527,0.0453881040716527,1982-01-01
"625",1983,"Arizona","Agriculture","Lower Basin","Yes",915859,0.915859,1983-01-01
"626",1983,"Arizona","Agriculture","Upper Basin","Yes",9972.47318783321,0.00997247318783321,1983-01-01
"627",1983,"Arizona","Export","Lower Basin","Yes",0,0,1983-01-01
"628",1983,"Arizona","Export","Upper Basin","Yes",0,0,1983-01-01
"629",1983,"Arizona","Export Within System","Lower Basin","Yes",0,0,1983-01-01
"630",1983,"Arizona","Import","Upper Basin","Yes",0,0,1983-01-01
"631",1983,"Arizona","Mineral","Upper Basin","Yes",0,0,1983-01-01
"632",1983,"Arizona","Municipal and Industrial","Lower Basin","Yes",15986,0.015986,1983-01-01
"633",1983,"Arizona","Municipal and Industrial","Upper Basin","Yes",6909.16,0.00690916,1983-01-01
"634",1983,"Arizona","Power","Lower Basin","Yes",0,0,1983-01-01
"635",1983,"Arizona","Power","Upper Basin","Yes",19989.1017056392,0.0199891017056392,1983-01-01
"636",1983,"Arizona","Reservoir Evaporation","Upper Basin","Yes",4035.628,0.004035628,1983-01-01
"637",1983,"California","Agriculture","Lower Basin","Yes",335416,0.335416,1983-01-01
"638",1983,"California","Export","Lower Basin","Yes",3598496,3.598496,1983-01-01
"639",1983,"California","Export Within System","Lower Basin","Yes",0,0,1983-01-01
"640",1983,"California","Municipal and Industrial","Lower Basin","Yes",3095,0.003095,1983-01-01
"641",1983,"California","Power","Lower Basin","Yes",0,0,1983-01-01
"642",1983,"Colorado","Agriculture","Upper Basin","Yes",1339546.46830862,1.33954646830862,1983-01-01
"643",1983,"Colorado","Export","Upper Basin","Yes",547921.53,0.54792153,1983-01-01
"644",1983,"Colorado","Import","Upper Basin","Yes",-124619.91,-0.12461991,1983-01-01
"645",1983,"Colorado","Mineral","Upper Basin","Yes",9364.4,0.0093644,1983-01-01
"646",1983,"Colorado","Municipal and Industrial","Upper Basin","Yes",19586.21,0.01958621,1983-01-01
"647",1983,"Colorado","Power","Upper Basin","Yes",7934.8155,0.0079348155,1983-01-01
"648",1983,"Colorado","Reservoir Evaporation","Upper Basin","Yes",91897.8873436045,0.0918978873436045,1983-01-01
"649",1983,"Lake Powell","Reservoir Evaporation","Upper Basin","Yes",670813.5686853,0.6708135686853,1983-01-01
"650",1983,"Lower Basin Reservoirs","Reservoir Evaporation","Lower Basin","No",1135581,1.135581,1983-01-01
"651",1983,"Mexico","Mexico Deliveries","Mexico","Yes",9615858,9.615858,1983-01-01
"652",1983,"Nevada","Agriculture","Lower Basin","Yes",4,4e-06,1983-01-01
"653",1983,"Nevada","Export","Lower Basin","Yes",0,0,1983-01-01
"654",1983,"Nevada","Export Within System","Lower Basin","Yes",0,0,1983-01-01
"655",1983,"Nevada","Municipal and Industrial","Lower Basin","Yes",76462,0.076462,1983-01-01
"656",1983,"Nevada","Power","Lower Basin","Yes",15504,0.015504,1983-01-01
"657",1983,"New Mexico","Agriculture","Upper Basin","Yes",203412.313807563,0.203412313807563,1983-01-01
"658",1983,"New Mexico","Export","Upper Basin","Yes",124697.28,0.12469728,1983-01-01
"659",1983,"New Mexico","Mineral","Upper Basin","Yes",5040,0.00504,1983-01-01
"660",1983,"New Mexico","Municipal and Industrial","Upper Basin","Yes",8601.4,0.0086014,1983-01-01
"661",1983,"New Mexico","Power","Upper Basin","Yes",42241.5383636244,0.0422415383636244,1983-01-01
"662",1983,"New Mexico","Reservoir Evaporation","Upper Basin","Yes",32164.1,0.0321641,1983-01-01
"663",1983,"Utah","Agriculture","Upper Basin","Yes",475808.353483049,0.475808353483049,1983-01-01
"664",1983,"Utah","Export","Upper Basin","Yes",24449.8003218881,0.0244498003218881,1983-01-01
"665",1983,"Utah","Import","Upper Basin","Yes",-5437.21185333231,-0.00543721185333231,1983-01-01
"666",1983,"Utah","Mineral","Upper Basin","Yes",9263.72,0.00926372,1983-01-01
"667",1983,"Utah","Municipal and Industrial","Upper Basin","Yes",8758.46,0.00875846,1983-01-01
"668",1983,"Utah","Power","Upper Basin","Yes",11581.9804003597,0.0115819804003597,1983-01-01
"669",1983,"Utah","Reservoir Evaporation","Upper Basin","Yes",143094.652067163,0.143094652067163,1983-01-01
"670",1983,"Wyoming","Agriculture","Upper Basin","Yes",254805.40909445,0.25480540909445,1983-01-01
"671",1983,"Wyoming","Export","Upper Basin","Yes",6567,0.006567,1983-01-01
"672",1983,"Wyoming","Import","Upper Basin","Yes",0,0,1983-01-01
"673",1983,"Wyoming","Mineral","Upper Basin","Yes",11916.8,0.0119168,1983-01-01
"674",1983,"Wyoming","Municipal and Industrial","Upper Basin","Yes",6127.75,0.00612775,1983-01-01
"675",1983,"Wyoming","Power","Upper Basin","Yes",26519.2879197633,0.0265192879197633,1983-01-01
"676",1983,"Wyoming","Reservoir Evaporation","Upper Basin","Yes",43854.7707397021,0.0438547707397021,1983-01-01
"677",1984,"Arizona","Agriculture","Lower Basin","Yes",1027206,1.027206,1984-01-01
"678",1984,"Arizona","Agriculture","Upper Basin","Yes",9153.5688760339,0.0091535688760339,1984-01-01
"679",1984,"Arizona","Export","Lower Basin","Yes",0,0,1984-01-01
"680",1984,"Arizona","Export","Upper Basin","Yes",0,0,1984-01-01
"681",1984,"Arizona","Export Within System","Lower Basin","Yes",0,0,1984-01-01
"682",1984,"Arizona","Import","Upper Basin","Yes",0,0,1984-01-01
"683",1984,"Arizona","Mineral","Upper Basin","Yes",0,0,1984-01-01
"684",1984,"Arizona","Municipal and Industrial","Lower Basin","Yes",19846,0.019846,1984-01-01
"685",1984,"Arizona","Municipal and Industrial","Upper Basin","Yes",7410.43,0.00741043,1984-01-01
"686",1984,"Arizona","Power","Lower Basin","Yes",0,0,1984-01-01
"687",1984,"Arizona","Power","Upper Basin","Yes",21608.8261454801,0.0216088261454801,1984-01-01
"688",1984,"Arizona","Reservoir Evaporation","Upper Basin","Yes",4793.116,0.004793116,1984-01-01
"689",1984,"California","Agriculture","Lower Basin","Yes",353941,0.353941,1984-01-01
"690",1984,"California","Export","Lower Basin","Yes",4286497,4.286497,1984-01-01
"691",1984,"California","Export Within System","Lower Basin","Yes",0,0,1984-01-01
"692",1984,"California","Municipal and Industrial","Lower Basin","Yes",2999,0.002999,1984-01-01
"693",1984,"California","Power","Lower Basin","Yes",0,0,1984-01-01
"694",1984,"Colorado","Agriculture","Upper Basin","Yes",1353853.54115854,1.35385354115854,1984-01-01
"695",1984,"Colorado","Export","Upper Basin","Yes",579964.76,0.57996476,1984-01-01
"696",1984,"Colorado","Import","Upper Basin","Yes",-136208.85,-0.13620885,1984-01-01
"697",1984,"Colorado","Mineral","Upper Basin","Yes",5835.6,0.0058356,1984-01-01
"698",1984,"Colorado","Municipal and Industrial","Upper Basin","Yes",20471.28,0.02047128,1984-01-01
"699",1984,"Colorado","Power","Upper Basin","Yes",13734.7544166667,0.0137347544166667,1984-01-01
"700",1984,"Colorado","Reservoir Evaporation","Upper Basin","Yes",93250.2684489696,0.0932502684489696,1984-01-01
"701",1984,"Lake Powell","Reservoir Evaporation","Upper Basin","Yes",657054.210529,0.657054210529,1984-01-01
"702",1984,"Lower Basin Reservoirs","Reservoir Evaporation","Lower Basin","No",1149710,1.14971,1984-01-01
"703",1984,"Mexico","Mexico Deliveries","Mexico","Yes",16803519,16.803519,1984-01-01
"704",1984,"Nevada","Agriculture","Lower Basin","Yes",5,5e-06,1984-01-01
"705",1984,"Nevada","Export","Lower Basin","Yes",0,0,1984-01-01
"706",1984,"Nevada","Export Within System","Lower Basin","Yes",0,0,1984-01-01
"707",1984,"Nevada","Municipal and Industrial","Lower Basin","Yes",82838,0.082838,1984-01-01
"708",1984,"Nevada","Power","Lower Basin","Yes",16072,0.016072,1984-01-01
"709",1984,"New Mexico","Agriculture","Upper Basin","Yes",193330.731249233,0.193330731249233,1984-01-01
"710",1984,"New Mexico","Export","Upper Basin","Yes",106527.35,0.10652735,1984-01-01
"711",1984,"New Mexico","Mineral","Upper Basin","Yes",4488,0.004488,1984-01-01
"712",1984,"New Mexico","Municipal and Industrial","Upper Basin","Yes",8250.69999999999,0.00825069999999999,1984-01-01
"713",1984,"New Mexico","Power","Upper Basin","Yes",43088.427,0.043088427,1984-01-01
"714",1984,"New Mexico","Reservoir Evaporation","Upper Basin","Yes",32860.79,0.03286079,1984-01-01
"715",1984,"Utah","Agriculture","Upper Basin","Yes",530651.84258332,0.53065184258332,1984-01-01
"716",1984,"Utah","Export","Upper Basin","Yes",26840.5875998903,0.0268405875998903,1984-01-01
"717",1984,"Utah","Import","Upper Basin","Yes",-5778.74010300561,-0.00577874010300561,1984-01-01
"718",1984,"Utah","Mineral","Upper Basin","Yes",8942.56,0.00894256,1984-01-01
"719",1984,"Utah","Municipal and Industrial","Upper Basin","Yes",9418.46,0.00941846,1984-01-01
"720",1984,"Utah","Power","Upper Basin","Yes",9007.97482681652,0.00900797482681652,1984-01-01
"721",1984,"Utah","Reservoir Evaporation","Upper Basin","Yes",143144.503055844,0.143144503055844,1984-01-01
"722",1984,"Wyoming","Agriculture","Upper Basin","Yes",232469.503610711,0.232469503610711,1984-01-01
"723",1984,"Wyoming","Export","Upper Basin","Yes",4022,0.004022,1984-01-01
"724",1984,"Wyoming","Import","Upper Basin","Yes",0,0,1984-01-01
"725",1984,"Wyoming","Mineral","Upper Basin","Yes",9324,0.009324,1984-01-01
"726",1984,"Wyoming","Municipal and Industrial","Upper Basin","Yes",6386.06,0.00638606,1984-01-01
"727",1984,"Wyoming","Power","Upper Basin","Yes",27313.6221966679,0.0273136221966679,1984-01-01
"728",1984,"Wyoming","Reservoir Evaporation","Upper Basin","Yes",41461.3694389679,0.0414613694389679,1984-01-01
"729",1985,"Arizona","Agriculture","Lower Basin","Yes",1032616,1.032616,1985-01-01
"730",1985,"Arizona","Agriculture","Upper Basin","Yes",8395.00799999999,0.00839500799999999,1985-01-01
"731",1985,"Arizona","Export","Lower Basin","Yes",0,0,1985-01-01
"732",1985,"Arizona","Export","Upper Basin","Yes",0,0,1985-01-01
"733",1985,"Arizona","Export Within System","Lower Basin","Yes",29274,0.029274,1985-01-01
"734",1985,"Arizona","Import","Upper Basin","Yes",0,0,1985-01-01
"735",1985,"Arizona","Mineral","Upper Basin","Yes",0,0,1985-01-01
"736",1985,"Arizona","Municipal and Industrial","Lower Basin","Yes",23477,0.023477,1985-01-01
"737",1985,"Arizona","Municipal and Industrial","Upper Basin","Yes",7225.77,0.00722577,1985-01-01
"738",1985,"Arizona","Power","Lower Basin","Yes",0,0,1985-01-01
"739",1985,"Arizona","Power","Upper Basin","Yes",24501.3556533806,0.0245013556533806,1985-01-01
"740",1985,"Arizona","Reservoir Evaporation","Upper Basin","Yes",4900,0.0049,1985-01-01
"741",1985,"California","Agriculture","Lower Basin","Yes",377475,0.377475,1985-01-01
"742",1985,"California","Export","Lower Basin","Yes",4308586,4.308586,1985-01-01
"743",1985,"California","Export Within System","Lower Basin","Yes",0,0,1985-01-01
"744",1985,"California","Municipal and Industrial","Lower Basin","Yes",3160,0.00316,1985-01-01
"745",1985,"California","Power","Lower Basin","Yes",0,0,1985-01-01
"746",1985,"Colorado","Agriculture","Upper Basin","Yes",1348774.40770877,1.34877440770877,1985-01-01
"747",1985,"Colorado","Export","Upper Basin","Yes",645380.92,0.64538092,1985-01-01
"748",1985,"Colorado","Import","Upper Basin","Yes",-135843.24,-0.13584324,1985-01-01
"749",1985,"Colorado","Mineral","Upper Basin","Yes",5306.4,0.0053064,1985-01-01
"750",1985,"Colorado","Municipal and Industrial","Upper Basin","Yes",24790.9242706503,0.0247909242706503,1985-01-01
"751",1985,"Colorado","Power","Upper Basin","Yes",14940.75175,0.01494075175,1985-01-01
"752",1985,"Colorado","Reservoir Evaporation","Upper Basin","Yes",95565.4091655151,0.0955654091655151,1985-01-01
"753",1985,"Lake Powell","Reservoir Evaporation","Upper Basin","Yes",651715.7027452,0.6517157027452,1985-01-01
"754",1985,"Lower Basin Reservoirs","Reservoir Evaporation","Lower Basin","No",1156536,1.156536,1985-01-01
"755",1985,"Mexico","Mexico Deliveries","Mexico","Yes",13265054,13.265054,1985-01-01
"756",1985,"Nevada","Agriculture","Lower Basin","Yes",3,3e-06,1985-01-01
"757",1985,"Nevada","Export","Lower Basin","Yes",0,0,1985-01-01
"758",1985,"Nevada","Export Within System","Lower Basin","Yes",0,0,1985-01-01
"759",1985,"Nevada","Municipal and Industrial","Lower Basin","Yes",94982,0.094982,1985-01-01
"760",1985,"Nevada","Power","Lower Basin","Yes",7392,0.007392,1985-01-01
"761",1985,"New Mexico","Agriculture","Upper Basin","Yes",201872.980729104,0.201872980729104,1985-01-01
"762",1985,"New Mexico","Export","Upper Basin","Yes",86563.55,0.08656355,1985-01-01
"763",1985,"New Mexico","Mineral","Upper Basin","Yes",4048,0.004048,1985-01-01
"764",1985,"New Mexico","Municipal and Industrial","Upper Basin","Yes",6872.73411509069,0.00687273411509069,1985-01-01
"765",1985,"New Mexico","Power","Upper Basin","Yes",45424.278,0.045424278,1985-01-01
"766",1985,"New Mexico","Reservoir Evaporation","Upper Basin","Yes",33007.75,0.03300775,1985-01-01
"767",1985,"Utah","Agriculture","Upper Basin","Yes",583508.338625974,0.583508338625974,1985-01-01
"768",1985,"Utah","Export","Upper Basin","Yes",61757.3204365159,0.0617573204365159,1985-01-01
"769",1985,"Utah","Import","Upper Basin","Yes",-6144.10769467291,-0.00614410769467291,1985-01-01
"770",1985,"Utah","Mineral","Upper Basin","Yes",5221.04,0.00522104,1985-01-01
"771",1985,"Utah","Municipal and Industrial","Upper Basin","Yes",12168.9642036573,0.0121689642036573,1985-01-01
"772",1985,"Utah","Power","Upper Basin","Yes",23005,0.023005,1985-01-01
"773",1985,"Utah","Reservoir Evaporation","Upper Basin","Yes",144891.686763315,0.144891686763315,1985-01-01
"774",1985,"Wyoming","Agriculture","Upper Basin","Yes",249662.655668645,0.249662655668645,1985-01-01
"775",1985,"Wyoming","Export","Upper Basin","Yes",11347,0.011347,1985-01-01
"776",1985,"Wyoming","Import","Upper Basin","Yes",0,0,1985-01-01
"777",1985,"Wyoming","Mineral","Upper Basin","Yes",5546,0.005546,1985-01-01
"778",1985,"Wyoming","Municipal and Industrial","Upper Basin","Yes",4687.32803265544,0.00468732803265544,1985-01-01
"779",1985,"Wyoming","Power","Upper Basin","Yes",35495.6,0.0354956,1985-01-01
"780",1985,"Wyoming","Reservoir Evaporation","Upper Basin","Yes",40086.8035346762,0.0400868035346762,1985-01-01
"781",1986,"Arizona","Agriculture","Lower Basin","Yes",1080088,1.080088,1986-01-01
"782",1986,"Arizona","Agriculture","Upper Basin","Yes",6540.52536842324,0.00654052536842324,1986-01-01
"783",1986,"Arizona","Export","Lower Basin","Yes",0,0,1986-01-01
"784",1986,"Arizona","Export","Upper Basin","Yes",0,0,1986-01-01
"785",1986,"Arizona","Export Within System","Lower Basin","Yes",111864,0.111864,1986-01-01
"786",1986,"Arizona","Import","Upper Basin","Yes",0,0,1986-01-01
"787",1986,"Arizona","Mineral","Upper Basin","Yes",0,0,1986-01-01
"788",1986,"Arizona","Municipal and Industrial","Lower Basin","Yes",21021,0.021021,1986-01-01
"789",1986,"Arizona","Municipal and Industrial","Upper Basin","Yes",6853.389,0.006853389,1986-01-01
"790",1986,"Arizona","Power","Lower Basin","Yes",0,0,1986-01-01
"791",1986,"Arizona","Power","Upper Basin","Yes",20407,0.020407,1986-01-01
"792",1986,"Arizona","Reservoir Evaporation","Upper Basin","Yes",5257.695316,0.005257695316,1986-01-01
"793",1986,"California","Agriculture","Lower Basin","Yes",403223,0.403223,1986-01-01
"794",1986,"California","Export","Lower Basin","Yes",4270046,4.270046,1986-01-01
"795",1986,"California","Export Within System","Lower Basin","Yes",0,0,1986-01-01
"796",1986,"California","Municipal and Industrial","Lower Basin","Yes",2665,0.002665,1986-01-01
"797",1986,"California","Power","Lower Basin","Yes",0,0,1986-01-01
"798",1986,"Colorado","Agriculture","Upper Basin","Yes",1174424.106963,1.174424106963,1986-01-01
"799",1986,"Colorado","Export","Upper Basin","Yes",654457.29,0.65445729,1986-01-01
"800",1986,"Colorado","Import","Upper Basin","Yes",-144382.87,-0.14438287,1986-01-01
"801",1986,"Colorado","Mineral","Upper Basin","Yes",4913.6,0.0049136,1986-01-01
"802",1986,"Colorado","Municipal and Industrial","Upper Basin","Yes",24880.9837616571,0.0248809837616571,1986-01-01
"803",1986,"Colorado","Power","Upper Basin","Yes",15533.8613333333,0.0155338613333333,1986-01-01
"804",1986,"Colorado","Reservoir Evaporation","Upper Basin","Yes",80679.2257729512,0.0806792257729512,1986-01-01
"805",1986,"Lake Powell","Reservoir Evaporation","Upper Basin","Yes",647437.5161178,0.6474375161178,1986-01-01
"806",1986,"Lower Basin Reservoirs","Reservoir Evaporation","Lower Basin","No",1177998,1.177998,1986-01-01
"807",1986,"Mexico","Mexico Deliveries","Mexico","Yes",11008720,11.00872,1986-01-01
"808",1986,"Nevada","Agriculture","Lower Basin","Yes",5,5e-06,1986-01-01
"809",1986,"Nevada","Export","Lower Basin","Yes",0,0,1986-01-01
"810",1986,"Nevada","Export Within System","Lower Basin","Yes",0,0,1986-01-01
"811",1986,"Nevada","Municipal and Industrial","Lower Basin","Yes",100641,0.100641,1986-01-01
"812",1986,"Nevada","Power","Lower Basin","Yes",11453,0.011453,1986-01-01
"813",1986,"New Mexico","Agriculture","Upper Basin","Yes",273597.040520736,0.273597040520736,1986-01-01
"814",1986,"New Mexico","Export","Upper Basin","Yes",83864.94,0.08386494,1986-01-01
"815",1986,"New Mexico","Mineral","Upper Basin","Yes",3425.44,0.00342544,1986-01-01
"816",1986,"New Mexico","Municipal and Industrial","Upper Basin","Yes",7883.56349978837,0.00788356349978837,1986-01-01
"817",1986,"New Mexico","Power","Upper Basin","Yes",39460.011,0.039460011,1986-01-01
"818",1986,"New Mexico","Reservoir Evaporation","Upper Basin","Yes",31957.7859776,0.0319577859776,1986-01-01
"819",1986,"Utah","Agriculture","Upper Basin","Yes",561319.373926747,0.561319373926747,1986-01-01
"820",1986,"Utah","Export","Upper Basin","Yes",70922.8655765199,0.0709228655765199,1986-01-01
"821",1986,"Utah","Import","Upper Basin","Yes",-5750.32992543623,-0.00575032992543623,1986-01-01
"822",1986,"Utah","Mineral","Upper Basin","Yes",4047.2,0.0040472,1986-01-01
"823",1986,"Utah","Municipal and Industrial","Upper Basin","Yes",12226.4367439637,0.0122264367439637,1986-01-01
"824",1986,"Utah","Power","Upper Basin","Yes",23416.538,0.023416538,1986-01-01
"825",1986,"Utah","Reservoir Evaporation","Upper Basin","Yes",150401.300451954,0.150401300451954,1986-01-01
"826",1986,"Wyoming","Agriculture","Upper Basin","Yes",384280.322060064,0.384280322060064,1986-01-01
"827",1986,"Wyoming","Export","Upper Basin","Yes",13647,0.013647,1986-01-01
"828",1986,"Wyoming","Import","Upper Basin","Yes",0,0,1986-01-01
"829",1986,"Wyoming","Mineral","Upper Basin","Yes",6285.84,0.00628584,1986-01-01
"830",1986,"Wyoming","Municipal and Industrial","Upper Basin","Yes",4517.91725500513,0.00451791725500513,1986-01-01
"831",1986,"Wyoming","Power","Upper Basin","Yes",31576,0.031576,1986-01-01
"832",1986,"Wyoming","Reservoir Evaporation","Upper Basin","Yes",31083.4646621399,0.0310834646621399,1986-01-01
"833",1987,"Arizona","Agriculture","Lower Basin","Yes",1142329,1.142329,1987-01-01
"834",1987,"Arizona","Agriculture","Upper Basin","Yes",5755.47792411507,0.00575547792411507,1987-01-01
"835",1987,"Arizona","Export","Lower Basin","Yes",0,0,1987-01-01
"836",1987,"Arizona","Export","Upper Basin","Yes",0,0,1987-01-01
"837",1987,"Arizona","Export Within System","Lower Basin","Yes",321341,0.321341,1987-01-01
"838",1987,"Arizona","Import","Upper Basin","Yes",0,0,1987-01-01
"839",1987,"Arizona","Mineral","Upper Basin","Yes",0,0,1987-01-01
"840",1987,"Arizona","Municipal and Industrial","Lower Basin","Yes",22172,0.022172,1987-01-01
"841",1987,"Arizona","Municipal and Industrial","Upper Basin","Yes",6684.294,0.006684294,1987-01-01
"842",1987,"Arizona","Power","Lower Basin","Yes",0,0,1987-01-01
"843",1987,"Arizona","Power","Upper Basin","Yes",18980,0.01898,1987-01-01
"844",1987,"Arizona","Reservoir Evaporation","Upper Basin","Yes",5549.210364,0.005549210364,1987-01-01
"845",1987,"California","Agriculture","Lower Basin","Yes",411210,0.41121,1987-01-01
"846",1987,"California","Export","Lower Basin","Yes",4399551,4.399551,1987-01-01
"847",1987,"California","Export Within System","Lower Basin","Yes",0,0,1987-01-01
"848",1987,"California","Municipal and Industrial","Lower Basin","Yes",2721,0.002721,1987-01-01
"849",1987,"California","Power","Lower Basin","Yes",0,0,1987-01-01
"850",1987,"Colorado","Agriculture","Upper Basin","Yes",1368791.64451692,1.36879164451692,1987-01-01
"851",1987,"Colorado","Export","Upper Basin","Yes",529488.34,0.52948834,1987-01-01
"852",1987,"Colorado","Import","Upper Basin","Yes",-139941.09,-0.13994109,1987-01-01
"853",1987,"Colorado","Mineral","Upper Basin","Yes",4273.6,0.0042736,1987-01-01
"854",1987,"Colorado","Municipal and Industrial","Upper Basin","Yes",24060.4342711767,0.0240604342711767,1987-01-01
"855",1987,"Colorado","Power","Upper Basin","Yes",13945.1195666667,0.0139451195666667,1987-01-01
"856",1987,"Colorado","Reservoir Evaporation","Upper Basin","Yes",87039.7421868955,0.0870397421868955,1987-01-01
"857",1987,"Lake Powell","Reservoir Evaporation","Upper Basin","Yes",649062.0265356,0.6490620265356,1987-01-01
"858",1987,"Lower Basin Reservoirs","Reservoir Evaporation","Lower Basin","No",1177284,1.177284,1987-01-01
"859",1987,"Mexico","Mexico Deliveries","Mexico","Yes",6375973,6.375973,1987-01-01
"860",1987,"Nevada","Agriculture","Lower Basin","Yes",7,7e-06,1987-01-01
"861",1987,"Nevada","Export","Lower Basin","Yes",0,0,1987-01-01
"862",1987,"Nevada","Export Within System","Lower Basin","Yes",0,0,1987-01-01
"863",1987,"Nevada","Municipal and Industrial","Lower Basin","Yes",93838,0.093838,1987-01-01
"864",1987,"Nevada","Power","Lower Basin","Yes",13243,0.013243,1987-01-01
"865",1987,"New Mexico","Agriculture","Upper Basin","Yes",220400.64360256,0.22040064360256,1987-01-01
"866",1987,"New Mexico","Export","Upper Basin","Yes",78862.4,0.0788624,1987-01-01
"867",1987,"New Mexico","Mineral","Upper Basin","Yes",2669.44,0.00266944,1987-01-01
"868",1987,"New Mexico","Municipal and Industrial","Upper Basin","Yes",9217.6985994444,0.0092176985994444,1987-01-01
"869",1987,"New Mexico","Power","Upper Basin","Yes",43689.198,0.043689198,1987-01-01
"870",1987,"New Mexico","Reservoir Evaporation","Upper Basin","Yes",26975.31,0.02697531,1987-01-01
"871",1987,"Utah","Agriculture","Upper Basin","Yes",525354.590911631,0.525354590911631,1987-01-01
"872",1987,"Utah","Export","Upper Basin","Yes",121071.680620404,0.121071680620404,1987-01-01
"873",1987,"Utah","Import","Upper Basin","Yes",-6129.25090322084,-0.00612925090322084,1987-01-01
"874",1987,"Utah","Mineral","Upper Basin","Yes",4017.2,0.0040172,1987-01-01
"875",1987,"Utah","Municipal and Industrial","Upper Basin","Yes",11533.7336244471,0.0115337336244471,1987-01-01
"876",1987,"Utah","Power","Upper Basin","Yes",31672.886,0.031672886,1987-01-01
"877",1987,"Utah","Reservoir Evaporation","Upper Basin","Yes",153426.936760225,0.153426936760225,1987-01-01
"878",1987,"Wyoming","Agriculture","Upper Basin","Yes",375477.957204373,0.375477957204373,1987-01-01
"879",1987,"Wyoming","Export","Upper Basin","Yes",9889,0.009889,1987-01-01
"880",1987,"Wyoming","Import","Upper Basin","Yes",0,0,1987-01-01
"881",1987,"Wyoming","Mineral","Upper Basin","Yes",8569.84,0.00856984,1987-01-01
"882",1987,"Wyoming","Municipal and Industrial","Upper Basin","Yes",4411.43941771024,0.00441143941771024,1987-01-01
"883",1987,"Wyoming","Power","Upper Basin","Yes",37066,0.037066,1987-01-01
"884",1987,"Wyoming","Reservoir Evaporation","Upper Basin","Yes",27956.9911347667,0.0279569911347667,1987-01-01
"885",1988,"Arizona","Agriculture","Lower Basin","Yes",1185745,1.185745,1988-01-01
"886",1988,"Arizona","Agriculture","Upper Basin","Yes",5591.48009524233,0.00559148009524234,1988-01-01
"887",1988,"Arizona","Export","Lower Basin","Yes",0,0,1988-01-01
"888",1988,"Arizona","Export","Upper Basin","Yes",0,0,1988-01-01
"889",1988,"Arizona","Export Within System","Lower Basin","Yes",488065,0.488065,1988-01-01
"890",1988,"Arizona","Import","Upper Basin","Yes",0,0,1988-01-01
"891",1988,"Arizona","Mineral","Upper Basin","Yes",0,0,1988-01-01
"892",1988,"Arizona","Municipal and Industrial","Lower Basin","Yes",22393,0.022393,1988-01-01
"893",1988,"Arizona","Municipal and Industrial","Upper Basin","Yes",7416.717,0.007416717,1988-01-01
"894",1988,"Arizona","Power","Lower Basin","Yes",0,0,1988-01-01
"895",1988,"Arizona","Power","Upper Basin","Yes",23629,0.023629,1988-01-01
"896",1988,"Arizona","Reservoir Evaporation","Upper Basin","Yes",5184.56076,0.00518456076,1988-01-01
"897",1988,"California","Agriculture","Lower Basin","Yes",434722,0.434722,1988-01-01
"898",1988,"California","Export","Lower Basin","Yes",4360553,4.360553,1988-01-01
"899",1988,"California","Export Within System","Lower Basin","Yes",0,0,1988-01-01
"900",1988,"California","Municipal and Industrial","Lower Basin","Yes",3317,0.003317,1988-01-01
"901",1988,"California","Power","Lower Basin","Yes",0,0,1988-01-01
"902",1988,"Colorado","Agriculture","Upper Basin","Yes",1559927.72523669,1.55992772523669,1988-01-01
"903",1988,"Colorado","Export","Upper Basin","Yes",661980.96,0.66198096,1988-01-01
"904",1988,"Colorado","Import","Upper Basin","Yes",-157442.62,-0.15744262,1988-01-01
"905",1988,"Colorado","Mineral","Upper Basin","Yes",3633.6,0.0036336,1988-01-01
"906",1988,"Colorado","Municipal and Industrial","Upper Basin","Yes",23551.4379292109,0.0235514379292109,1988-01-01
"907",1988,"Colorado","Power","Upper Basin","Yes",17964.1555,0.0179641555,1988-01-01
"908",1988,"Colorado","Reservoir Evaporation","Upper Basin","Yes",86849.6378264156,0.0868496378264157,1988-01-01
"909",1988,"Lake Powell","Reservoir Evaporation","Upper Basin","Yes",638871.787884,0.638871787884,1988-01-01
"910",1988,"Lower Basin Reservoirs","Reservoir Evaporation","Lower Basin","No",1122180,1.12218,1988-01-01
"911",1988,"Mexico","Mexico Deliveries","Mexico","Yes",2903058,2.903058,1988-01-01
"912",1988,"Nevada","Agriculture","Lower Basin","Yes",18,1.8e-05,1988-01-01
"913",1988,"Nevada","Export","Lower Basin","Yes",0,0,1988-01-01
"914",1988,"Nevada","Export Within System","Lower Basin","Yes",0,0,1988-01-01
"915",1988,"Nevada","Municipal and Industrial","Lower Basin","Yes",105135,0.105135,1988-01-01
"916",1988,"Nevada","Power","Lower Basin","Yes",15126,0.015126,1988-01-01
"917",1988,"New Mexico","Agriculture","Upper Basin","Yes",209795.30814344,0.20979530814344,1988-01-01
"918",1988,"New Mexico","Export","Upper Basin","Yes",59884.07,0.05988407,1988-01-01
"919",1988,"New Mexico","Mineral","Upper Basin","Yes",1913.44,0.00191344,1988-01-01
"920",1988,"New Mexico","Municipal and Industrial","Upper Basin","Yes",10563.2698540026,0.0105632698540026,1988-01-01
"921",1988,"New Mexico","Power","Upper Basin","Yes",39380.916,0.039380916,1988-01-01
"922",1988,"New Mexico","Reservoir Evaporation","Upper Basin","Yes",25799.9047425,0.0257999047425,1988-01-01
"923",1988,"Utah","Agriculture","Upper Basin","Yes",502639.259219586,0.502639259219586,1988-01-01
"924",1988,"Utah","Export","Upper Basin","Yes",123299.075290703,0.123299075290703,1988-01-01
"925",1988,"Utah","Import","Upper Basin","Yes",-5990.57137366439,-0.00599057137366439,1988-01-01
"926",1988,"Utah","Mineral","Upper Basin","Yes",3987.2,0.0039872,1988-01-01
"927",1988,"Utah","Municipal and Industrial","Upper Basin","Yes",10844.8845225055,0.0108448845225055,1988-01-01
"928",1988,"Utah","Power","Upper Basin","Yes",35908.386,0.035908386,1988-01-01
"929",1988,"Utah","Reservoir Evaporation","Upper Basin","Yes",149671.325145281,0.149671325145281,1988-01-01
"930",1988,"Wyoming","Agriculture","Upper Basin","Yes",466046.638321474,0.466046638321474,1988-01-01
"931",1988,"Wyoming","Export","Upper Basin","Yes",7218,0.007218,1988-01-01
"932",1988,"Wyoming","Import","Upper Basin","Yes",0,0,1988-01-01
"933",1988,"Wyoming","Mineral","Upper Basin","Yes",10853.84,0.01085384,1988-01-01
"934",1988,"Wyoming","Municipal and Industrial","Upper Basin","Yes",4241.04024642755,0.00424104024642755,1988-01-01
"935",1988,"Wyoming","Power","Upper Basin","Yes",40351,0.040351,1988-01-01
"936",1988,"Wyoming","Reservoir Evaporation","Upper Basin","Yes",25784.8479236867,0.0257848479236867,1988-01-01
"937",1989,"Arizona","Agriculture","Lower Basin","Yes",1232612,1.232612,1989-01-01
"938",1989,"Arizona","Agriculture","Upper Basin","Yes",5435.05033888358,0.00543505033888358,1989-01-01
"939",1989,"Arizona","Export","Lower Basin","Yes",0,0,1989-01-01
"940",1989,"Arizona","Export","Upper Basin","Yes",0,0,1989-01-01
"941",1989,"Arizona","Export Within System","Lower Basin","Yes",746833,0.746833,1989-01-01
"942",1989,"Arizona","Import","Upper Basin","Yes",0,0,1989-01-01
"943",1989,"Arizona","Mineral","Upper Basin","Yes",0,0,1989-01-01
"944",1989,"Arizona","Municipal and Industrial","Lower Basin","Yes",24455,0.024455,1989-01-01
"945",1989,"Arizona","Municipal and Industrial","Upper Basin","Yes",7500.196,0.007500196,1989-01-01
"946",1989,"Arizona","Power","Lower Basin","Yes",0,0,1989-01-01
"947",1989,"Arizona","Power","Upper Basin","Yes",23249,0.023249,1989-01-01
"948",1989,"Arizona","Reservoir Evaporation","Upper Basin","Yes",3045.98616,0.00304598616,1989-01-01
"949",1989,"California","Agriculture","Lower Basin","Yes",465663,0.465663,1989-01-01
"950",1989,"California","Export","Lower Basin","Yes",4550415,4.550415,1989-01-01
"951",1989,"California","Export Within System","Lower Basin","Yes",0,0,1989-01-01
"952",1989,"California","Municipal and Industrial","Lower Basin","Yes",3692,0.003692,1989-01-01
"953",1989,"California","Power","Lower Basin","Yes",0,0,1989-01-01
"954",1989,"Colorado","Agriculture","Upper Basin","Yes",1741103.4033028,1.7411034033028,1989-01-01
"955",1989,"Colorado","Export","Upper Basin","Yes",741581.63,0.74158163,1989-01-01
"956",1989,"Colorado","Import","Upper Basin","Yes",-182565.82,-0.18256582,1989-01-01
"957",1989,"Colorado","Mineral","Upper Basin","Yes",2993.6,0.0029936,1989-01-01
"958",1989,"Colorado","Municipal and Industrial","Upper Basin","Yes",23247.2758177573,0.0232472758177573,1989-01-01
"959",1989,"Colorado","Power","Upper Basin","Yes",17923.7481333333,0.0179237481333333,1989-01-01
"960",1989,"Colorado","Reservoir Evaporation","Upper Basin","Yes",88087.6069197389,0.0880876069197389,1989-01-01
"961",1989,"Lake Powell","Reservoir Evaporation","Upper Basin","Yes",594820.1288957,0.5948201288957,1989-01-01
"962",1989,"Lower Basin Reservoirs","Reservoir Evaporation","Lower Basin","No",1164179,1.164179,1989-01-01
"963",1989,"Mexico","Mexico Deliveries","Mexico","Yes",1809865,1.809865,1989-01-01
"964",1989,"Nevada","Agriculture","Lower Basin","Yes",7,7e-06,1989-01-01
"965",1989,"Nevada","Export","Lower Basin","Yes",0,0,1989-01-01
"966",1989,"Nevada","Export Within System","Lower Basin","Yes",0,0,1989-01-01
"967",1989,"Nevada","Municipal and Industrial","Lower Basin","Yes",133205,0.133205,1989-01-01
"968",1989,"Nevada","Power","Lower Basin","Yes",15463,0.015463,1989-01-01
"969",1989,"New Mexico","Agriculture","Upper Basin","Yes",244919.363612908,0.244919363612908,1989-01-01
"970",1989,"New Mexico","Export","Upper Basin","Yes",46273.23,0.04627323,1989-01-01
"971",1989,"New Mexico","Mineral","Upper Basin","Yes",1157.44,0.00115744,1989-01-01
"972",1989,"New Mexico","Municipal and Industrial","Upper Basin","Yes",11985.5764545167,0.0119855764545167,1989-01-01
"973",1989,"New Mexico","Power","Upper Basin","Yes",48559.669,0.048559669,1989-01-01
"974",1989,"New Mexico","Reservoir Evaporation","Upper Basin","Yes",28395.2999814,0.0283952999814,1989-01-01
"975",1989,"Utah","Agriculture","Upper Basin","Yes",501158.924067609,0.501158924067609,1989-01-01
"976",1989,"Utah","Export","Upper Basin","Yes",144011.363941275,0.144011363941275,1989-01-01
"977",1989,"Utah","Import","Upper Basin","Yes",-4031,-0.004031,1989-01-01
"978",1989,"Utah","Mineral","Upper Basin","Yes",3957.2,0.0039572,1989-01-01
"979",1989,"Utah","Municipal and Industrial","Upper Basin","Yes",10252.9219362803,0.0102529219362803,1989-01-01
"980",1989,"Utah","Power","Upper Basin","Yes",33443.546,0.033443546,1989-01-01
"981",1989,"Utah","Reservoir Evaporation","Upper Basin","Yes",142038.085683464,0.142038085683464,1989-01-01
"982",1989,"Wyoming","Agriculture","Upper Basin","Yes",379654.392606054,0.379654392606054,1989-01-01
"983",1989,"Wyoming","Export","Upper Basin","Yes",14219,0.014219,1989-01-01
"984",1989,"Wyoming","Import","Upper Basin","Yes",0,0,1989-01-01
"985",1989,"Wyoming","Mineral","Upper Basin","Yes",13137.84,0.01313784,1989-01-01
"986",1989,"Wyoming","Municipal and Industrial","Upper Basin","Yes",4196.59193365385,0.00419659193365385,1989-01-01
"987",1989,"Wyoming","Power","Upper Basin","Yes",36479,0.036479,1989-01-01
"988",1989,"Wyoming","Reservoir Evaporation","Upper Basin","Yes",30647.8518040333,0.0306478518040333,1989-01-01
"989",1990,"Arizona","Agriculture","Lower Basin","Yes",1264052,1.264052,1990-01-01
"990",1990,"Arizona","Agriculture","Upper Basin","Yes",5595.4847537169,0.0055954847537169,1990-01-01
"991",1990,"Arizona","Export","Lower Basin","Yes",0,0,1990-01-01
"992",1990,"Arizona","Export","Upper Basin","Yes",0,0,1990-01-01
"993",1990,"Arizona","Export Within System","Lower Basin","Yes",778939,0.778939,1990-01-01
"994",1990,"Arizona","Import","Upper Basin","Yes",0,0,1990-01-01
"995",1990,"Arizona","Mineral","Upper Basin","Yes",0,0,1990-01-01
"996",1990,"Arizona","Municipal and Industrial","Lower Basin","Yes",24385,0.024385,1990-01-01
"997",1990,"Arizona","Municipal and Industrial","Upper Basin","Yes",7225.066,0.007225066,1990-01-01
"998",1990,"Arizona","Power","Lower Basin","Yes",0,0,1990-01-01
"999",1990,"Arizona","Power","Upper Basin","Yes",20724,0.020724,1990-01-01
"1000",1990,"Arizona","Reservoir Evaporation","Upper Basin","Yes",2478.597,0.002478597,1990-01-01
"1001",1990,"California","Agriculture","Lower Basin","Yes",470637,0.470637,1990-01-01
"1002",1990,"California","Export","Lower Basin","Yes",4628500,4.6285,1990-01-01
"1003",1990,"California","Export Within System","Lower Basin","Yes",0,0,1990-01-01
"1004",1990,"California","Municipal and Industrial","Lower Basin","Yes",2292,0.002292,1990-01-01
"1005",1990,"California","Power","Lower Basin","Yes",0,0,1990-01-01
"1006",1990,"Colorado","Agriculture","Upper Basin","Yes",1563160.61032808,1.56316061032808,1990-01-01
"1007",1990,"Colorado","Export","Upper Basin","Yes",671894.22,0.67189422,1990-01-01
"1008",1990,"Colorado","Import","Upper Basin","Yes",-169928.53,-0.16992853,1990-01-01
"1009",1990,"Colorado","Mineral","Upper Basin","Yes",2353.6,0.0023536,1990-01-01
"1010",1990,"Colorado","Municipal and Industrial","Upper Basin","Yes",23025.3655434756,0.0230253655434756,1990-01-01
"1011",1990,"Colorado","Power","Upper Basin","Yes",18628.0945,0.0186280945,1990-01-01
"1012",1990,"Colorado","Reservoir Evaporation","Upper Basin","Yes",82969.894299488,0.0829698942994881,1990-01-01
"1013",1990,"Lake Powell","Reservoir Evaporation","Upper Basin","Yes",505345.9088668,0.5053459088668,1990-01-01
"1014",1990,"Lower Basin Reservoirs","Reservoir Evaporation","Lower Basin","No",1087244,1.087244,1990-01-01
"1015",1990,"Mexico","Mexico Deliveries","Mexico","Yes",1659179,1.659179,1990-01-01
"1016",1990,"Nevada","Agriculture","Lower Basin","Yes",5,5e-06,1990-01-01
"1017",1990,"Nevada","Export","Lower Basin","Yes",0,0,1990-01-01
"1018",1990,"Nevada","Export Within System","Lower Basin","Yes",0,0,1990-01-01
"1019",1990,"Nevada","Municipal and Industrial","Lower Basin","Yes",145558,0.145558,1990-01-01
"1020",1990,"Nevada","Power","Lower Basin","Yes",14066,0.014066,1990-01-01
"1021",1990,"New Mexico","Agriculture","Upper Basin","Yes",234978.94579313,0.234978945793131,1990-01-01
"1022",1990,"New Mexico","Export","Upper Basin","Yes",67815.9,0.0678159,1990-01-01
"1023",1990,"New Mexico","Mineral","Upper Basin","Yes",401.44,0.00040144,1990-01-01
"1024",1990,"New Mexico","Municipal and Industrial","Upper Basin","Yes",13304.4599644951,0.0133044599644951,1990-01-01
"1025",1990,"New Mexico","Power","Upper Basin","Yes",42634.151,0.042634151,1990-01-01
"1026",1990,"New Mexico","Reservoir Evaporation","Upper Basin","Yes",28183.05,0.02818305,1990-01-01
"1027",1990,"Utah","Agriculture","Upper Basin","Yes",535501.143043663,0.535501143043663,1990-01-01
"1028",1990,"Utah","Export","Upper Basin","Yes",155781.663928872,0.155781663928872,1990-01-01
"1029",1990,"Utah","Import","Upper Basin","Yes",-3316,-0.003316,1990-01-01
"1030",1990,"Utah","Mineral","Upper Basin","Yes",3927.2,0.0039272,1990-01-01
"1031",1990,"Utah","Municipal and Industrial","Upper Basin","Yes",9856.60881789575,0.00985660881789575,1990-01-01
"1032",1990,"Utah","Power","Upper Basin","Yes",32998.386,0.032998386,1990-01-01
"1033",1990,"Utah","Reservoir Evaporation","Upper Basin","Yes",141162.648413708,0.141162648413708,1990-01-01
"1034",1990,"Wyoming","Agriculture","Upper Basin","Yes",406733.215057479,0.406733215057479,1990-01-01
"1035",1990,"Wyoming","Export","Upper Basin","Yes",15643,0.015643,1990-01-01
"1036",1990,"Wyoming","Import","Upper Basin","Yes",0,0,1990-01-01
"1037",1990,"Wyoming","Mineral","Upper Basin","Yes",15421.84,0.01542184,1990-01-01
"1038",1990,"Wyoming","Municipal and Industrial","Upper Basin","Yes",4236.90078799358,0.00423690078799358,1990-01-01
"1039",1990,"Wyoming","Power","Upper Basin","Yes",37375,0.037375,1990-01-01
"1040",1990,"Wyoming","Reservoir Evaporation","Upper Basin","Yes",34794.37908391,0.03479437908391,1990-01-01
"1041",1991,"Arizona","Agriculture","Lower Basin","Yes",1229034,1.229034,1991-01-01
"1042",1991,"Arizona","Agriculture","Upper Basin","Yes",2247.61569381066,0.00224761569381066,1991-01-01
"1043",1991,"Arizona","Export","Lower Basin","Yes",0,0,1991-01-01
"1044",1991,"Arizona","Export","Upper Basin","Yes",0,0,1991-01-01
"1045",1991,"Arizona","Export Within System","Lower Basin","Yes",474712,0.474712,1991-01-01
"1046",1991,"Arizona","Import","Upper Basin","Yes",0,0,1991-01-01
"1047",1991,"Arizona","Mineral","Upper Basin","Yes",0,0,1991-01-01
"1048",1991,"Arizona","Municipal and Industrial","Lower Basin","Yes",24897,0.024897,1991-01-01
"1049",1991,"Arizona","Municipal and Industrial","Upper Basin","Yes",6168.152,0.006168152,1991-01-01
"1050",1991,"Arizona","Power","Lower Basin","Yes",0,0,1991-01-01
"1051",1991,"Arizona","Power","Upper Basin","Yes",23715,0.023715,1991-01-01
"1052",1991,"Arizona","Reservoir Evaporation","Upper Basin","Yes",2572.186,0.002572186,1991-01-01
"1053",1991,"California","Agriculture","Lower Basin","Yes",443382,0.443382,1991-01-01
"1054",1991,"California","Export","Lower Basin","Yes",4540910,4.54091,1991-01-01
"1055",1991,"California","Export Within System","Lower Basin","Yes",0,0,1991-01-01
"1056",1991,"California","Municipal and Industrial","Lower Basin","Yes",4964,0.004964,1991-01-01
"1057",1991,"California","Power","Lower Basin","Yes",0,0,1991-01-01
"1058",1991,"Colorado","Agriculture","Upper Basin","Yes",1175094.23371246,1.17509423371246,1991-01-01
"1059",1991,"Colorado","Export","Upper Basin","Yes",654973.04,0.65497304,1991-01-01
"1060",1991,"Colorado","Import","Upper Basin","Yes",-174169.78,-0.17416978,1991-01-01
"1061",1991,"Colorado","Mineral","Upper Basin","Yes",2470.5599848,0.0024705599848,1991-01-01
"1062",1991,"Colorado","Municipal and Industrial","Upper Basin","Yes",24402.9813489353,0.0244029813489353,1991-01-01
"1063",1991,"Colorado","Power","Upper Basin","Yes",18653.7155,0.0186537155,1991-01-01
"1064",1991,"Colorado","Reservoir Evaporation","Upper Basin","Yes",89287.3935898253,0.0892873935898253,1991-01-01
"1065",1991,"Lake Powell","Reservoir Evaporation","Upper Basin","Yes",450295.0946033,0.4502950946033,1991-01-01
"1066",1991,"Lower Basin Reservoirs","Reservoir Evaporation","Lower Basin","No",1049309,1.049309,1991-01-01
"1067",1991,"Mexico","Mexico Deliveries","Mexico","Yes",1672878,1.672878,1991-01-01
"1068",1991,"Nevada","Agriculture","Lower Basin","Yes",11,1.1e-05,1991-01-01
"1069",1991,"Nevada","Export","Lower Basin","Yes",0,0,1991-01-01
"1070",1991,"Nevada","Export Within System","Lower Basin","Yes",0,0,1991-01-01
"1071",1991,"Nevada","Municipal and Industrial","Lower Basin","Yes",147261,0.147261,1991-01-01
"1072",1991,"Nevada","Power","Lower Basin","Yes",17153,0.017153,1991-01-01
"1073",1991,"New Mexico","Agriculture","Upper Basin","Yes",128880.421124981,0.128880421124981,1991-01-01
"1074",1991,"New Mexico","Export","Upper Basin","Yes",114705.68,0.11470568,1991-01-01
"1075",1991,"New Mexico","Mineral","Upper Basin","Yes",289.92,0.00028992,1991-01-01
"1076",1991,"New Mexico","Municipal and Industrial","Upper Basin","Yes",12981.8804837406,0.0129818804837406,1991-01-01
"1077",1991,"New Mexico","Power","Upper Basin","Yes",36251.14,0.03625114,1991-01-01
"1078",1991,"New Mexico","Reservoir Evaporation","Upper Basin","Yes",31908.47,0.03190847,1991-01-01
"1079",1991,"Utah","Agriculture","Upper Basin","Yes",563438.048558271,0.563438048558271,1991-01-01
"1080",1991,"Utah","Export","Upper Basin","Yes",128973.993651889,0.128973993651889,1991-01-01
"1081",1991,"Utah","Import","Upper Basin","Yes",-3701,-0.003701,1991-01-01
"1082",1991,"Utah","Mineral","Upper Basin","Yes",4000.56,0.00400056,1991-01-01
"1083",1991,"Utah","Municipal and Industrial","Upper Basin","Yes",9725.43550013532,0.00972543550013532,1991-01-01
"1084",1991,"Utah","Power","Upper Basin","Yes",34983.766,0.034983766,1991-01-01
"1085",1991,"Utah","Reservoir Evaporation","Upper Basin","Yes",155920.063011312,0.155920063011312,1991-01-01
"1086",1991,"Wyoming","Agriculture","Upper Basin","Yes",424940.973165742,0.424940973165742,1991-01-01
"1087",1991,"Wyoming","Export","Upper Basin","Yes",18252,0.018252,1991-01-01
"1088",1991,"Wyoming","Import","Upper Basin","Yes",0,0,1991-01-01
"1089",1991,"Wyoming","Mineral","Upper Basin","Yes",13980.32,0.01398032,1991-01-01
"1090",1991,"Wyoming","Municipal and Industrial","Upper Basin","Yes",4217.70056552972,0.00421770056552972,1991-01-01
"1091",1991,"Wyoming","Power","Upper Basin","Yes",40155,0.040155,1991-01-01
"1092",1991,"Wyoming","Reservoir Evaporation","Upper Basin","Yes",32721.5203402167,0.0327215203402167,1991-01-01
"1093",1992,"Arizona","Agriculture","Lower Basin","Yes",1134301,1.134301,1992-01-01
"1094",1992,"Arizona","Agriculture","Upper Basin","Yes",2950.10686188138,0.00295010686188138,1992-01-01
"1095",1992,"Arizona","Export","Lower Basin","Yes",0,0,1992-01-01
"1096",1992,"Arizona","Export","Upper Basin","Yes",0,0,1992-01-01
"1097",1992,"Arizona","Export Within System","Lower Basin","Yes",521564,0.521564,1992-01-01
"1098",1992,"Arizona","Import","Upper Basin","Yes",0,0,1992-01-01
"1099",1992,"Arizona","Mineral","Upper Basin","Yes",0,0,1992-01-01
"1100",1992,"Arizona","Municipal and Industrial","Lower Basin","Yes",25983,0.025983,1992-01-01
"1101",1992,"Arizona","Municipal and Industrial","Upper Basin","Yes",5740.461,0.005740461,1992-01-01
"1102",1992,"Arizona","Power","Lower Basin","Yes",0,0,1992-01-01
"1103",1992,"Arizona","Power","Upper Basin","Yes",23715,0.023715,1992-01-01
"1104",1992,"Arizona","Reservoir Evaporation","Upper Basin","Yes",4449.4164,0.0044494164,1992-01-01
"1105",1992,"California","Agriculture","Lower Basin","Yes",405671,0.405671,1992-01-01
"1106",1992,"California","Export","Lower Basin","Yes",4088549,4.088549,1992-01-01
"1107",1992,"California","Export Within System","Lower Basin","Yes",0,0,1992-01-01
"1108",1992,"California","Municipal and Industrial","Lower Basin","Yes",1945,0.001945,1992-01-01
"1109",1992,"California","Power","Lower Basin","Yes",0,0,1992-01-01
"1110",1992,"Colorado","Agriculture","Upper Basin","Yes",1063969.57063385,1.06396957063385,1992-01-01
"1111",1992,"Colorado","Export","Upper Basin","Yes",679275.7,0.6792757,1992-01-01
"1112",1992,"Colorado","Import","Upper Basin","Yes",-169483.23,-0.16948323,1992-01-01
"1113",1992,"Colorado","Mineral","Upper Basin","Yes",2826.5599648,0.0028265599648,1992-01-01
"1114",1992,"Colorado","Municipal and Industrial","Upper Basin","Yes",25921.7144098184,0.0259217144098184,1992-01-01
"1115",1992,"Colorado","Power","Upper Basin","Yes",17863.567,0.017863567,1992-01-01
"1116",1992,"Colorado","Reservoir Evaporation","Upper Basin","Yes",89767.9257335492,0.0897679257335492,1992-01-01
"1117",1992,"Lake Powell","Reservoir Evaporation","Upper Basin","Yes",430775.3021927,0.4307753021927,1992-01-01
"1118",1992,"Lower Basin Reservoirs","Reservoir Evaporation","Lower Basin","No",992707,0.992707,1992-01-01
"1119",1992,"Mexico","Mexico Deliveries","Mexico","Yes",1655046,1.655046,1992-01-01
"1120",1992,"Nevada","Agriculture","Lower Basin","Yes",15,1.5e-05,1992-01-01
"1121",1992,"Nevada","Export","Lower Basin","Yes",0,0,1992-01-01
"1122",1992,"Nevada","Export Within System","Lower Basin","Yes",0,0,1992-01-01
"1123",1992,"Nevada","Municipal and Industrial","Lower Basin","Yes",151597,0.151597,1992-01-01
"1124",1992,"Nevada","Power","Lower Basin","Yes",13699,0.013699,1992-01-01
"1125",1992,"New Mexico","Agriculture","Upper Basin","Yes",122957.07620083,0.12295707620083,1992-01-01
"1126",1992,"New Mexico","Export","Upper Basin","Yes",83266.01,0.08326601,1992-01-01
"1127",1992,"New Mexico","Mineral","Upper Basin","Yes",381.92,0.00038192,1992-01-01
"1128",1992,"New Mexico","Municipal and Industrial","Upper Basin","Yes",12225.5643480194,0.0122255643480194,1992-01-01
"1129",1992,"New Mexico","Power","Upper Basin","Yes",43235.443,0.043235443,1992-01-01
"1130",1992,"New Mexico","Reservoir Evaporation","Upper Basin","Yes",33259.07,0.03325907,1992-01-01
"1131",1992,"Utah","Agriculture","Upper Basin","Yes",567174.316329217,0.567174316329217,1992-01-01
"1132",1992,"Utah","Export","Upper Basin","Yes",156238.988540606,0.156238988540606,1992-01-01
"1133",1992,"Utah","Import","Upper Basin","Yes",-5145.13037128142,-0.00514513037128142,1992-01-01
"1134",1992,"Utah","Mineral","Upper Basin","Yes",4106.56,0.00410656,1992-01-01
"1135",1992,"Utah","Municipal and Industrial","Upper Basin","Yes",9732.8769297569,0.0097328769297569,1992-01-01
"1136",1992,"Utah","Power","Upper Basin","Yes",36480.386,0.036480386,1992-01-01
"1137",1992,"Utah","Reservoir Evaporation","Upper Basin","Yes",154508.574582355,0.154508574582355,1992-01-01
"1138",1992,"Wyoming","Agriculture","Upper Basin","Yes",450745.724051462,0.450745724051462,1992-01-01
"1139",1992,"Wyoming","Export","Upper Basin","Yes",14240,0.01424,1992-01-01
"1140",1992,"Wyoming","Import","Upper Basin","Yes",0,0,1992-01-01
"1141",1992,"Wyoming","Mineral","Upper Basin","Yes",11362.32,0.01136232,1992-01-01
"1142",1992,"Wyoming","Municipal and Industrial","Upper Basin","Yes",4149.41177387834,0.00414941177387834,1992-01-01
"1143",1992,"Wyoming","Power","Upper Basin","Yes",43404,0.043404,1992-01-01
"1144",1992,"Wyoming","Reservoir Evaporation","Upper Basin","Yes",29378.7055754067,0.0293787055754067,1992-01-01
"1145",1993,"Arizona","Agriculture","Lower Basin","Yes",1019953,1.019953,1993-01-01
"1146",1993,"Arizona","Agriculture","Upper Basin","Yes",3085.48861728301,0.00308548861728301,1993-01-01
"1147",1993,"Arizona","Export","Lower Basin","Yes",0,0,1993-01-01
"1148",1993,"Arizona","Export","Upper Basin","Yes",0,0,1993-01-01
"1149",1993,"Arizona","Export Within System","Lower Basin","Yes",879164,0.879164,1993-01-01
"1150",1993,"Arizona","Import","Upper Basin","Yes",0,0,1993-01-01
"1151",1993,"Arizona","Mineral","Upper Basin","Yes",0,0,1993-01-01
"1152",1993,"Arizona","Municipal and Industrial","Lower Basin","Yes",32480,0.03248,1993-01-01
"1153",1993,"Arizona","Municipal and Industrial","Upper Basin","Yes",5680.873,0.005680873,1993-01-01
"1154",1993,"Arizona","Power","Lower Basin","Yes",0,0,1993-01-01
"1155",1993,"Arizona","Power","Upper Basin","Yes",23282,0.023282,1993-01-01
"1156",1993,"Arizona","Reservoir Evaporation","Upper Basin","Yes",3950.946,0.003950946,1993-01-01
"1157",1993,"California","Agriculture","Lower Basin","Yes",430462,0.430462,1993-01-01
"1158",1993,"California","Export","Lower Basin","Yes",4257892,4.257892,1993-01-01
"1159",1993,"California","Export Within System","Lower Basin","Yes",0,0,1993-01-01
"1160",1993,"California","Municipal and Industrial","Lower Basin","Yes",5262,0.005262,1993-01-01
"1161",1993,"California","Power","Lower Basin","Yes",0,0,1993-01-01
"1162",1993,"Colorado","Agriculture","Upper Basin","Yes",1116700.01142922,1.11670001142922,1993-01-01
"1163",1993,"Colorado","Export","Upper Basin","Yes",763305.64,0.76330564,1993-01-01
"1164",1993,"Colorado","Import","Upper Basin","Yes",-165205.57,-0.16520557,1993-01-01
"1165",1993,"Colorado","Mineral","Upper Basin","Yes",3182.5599448,0.0031825599448,1993-01-01
"1166",1993,"Colorado","Municipal and Industrial","Upper Basin","Yes",27752.0844062846,0.0277520844062846,1993-01-01
"1167",1993,"Colorado","Power","Upper Basin","Yes",17137.4515,0.0171374515,1993-01-01
"1168",1993,"Colorado","Reservoir Evaporation","Upper Basin","Yes",86421.2170428953,0.0864212170428953,1993-01-01
"1169",1993,"Lake Powell","Reservoir Evaporation","Upper Basin","Yes",485392.2648687,0.4853922648687,1993-01-01
"1170",1993,"Lower Basin Reservoirs","Reservoir Evaporation","Lower Basin","No",1011801,1.011801,1993-01-01
"1171",1993,"Mexico","Mexico Deliveries","Mexico","Yes",4965016,4.965016,1993-01-01
"1172",1993,"Nevada","Agriculture","Lower Basin","Yes",27,2.7e-05,1993-01-01
"1173",1993,"Nevada","Export","Lower Basin","Yes",0,0,1993-01-01
"1174",1993,"Nevada","Export Within System","Lower Basin","Yes",0,0,1993-01-01
"1175",1993,"Nevada","Municipal and Industrial","Lower Basin","Yes",157586,0.157586,1993-01-01
"1176",1993,"Nevada","Power","Lower Basin","Yes",14450,0.01445,1993-01-01
"1177",1993,"New Mexico","Agriculture","Upper Basin","Yes",137631.153009666,0.137631153009666,1993-01-01
"1178",1993,"New Mexico","Export","Upper Basin","Yes",106409.43,0.10640943,1993-01-01
"1179",1993,"New Mexico","Mineral","Upper Basin","Yes",473.92,0.00047392,1993-01-01
"1180",1993,"New Mexico","Municipal and Industrial","Upper Basin","Yes",11509.4577718114,0.0115094577718114,1993-01-01
"1181",1993,"New Mexico","Power","Upper Basin","Yes",44076.16,0.04407616,1993-01-01
"1182",1993,"New Mexico","Reservoir Evaporation","Upper Basin","Yes",32530.81,0.03253081,1993-01-01
"1183",1993,"Utah","Agriculture","Upper Basin","Yes",596857.578841582,0.596857578841582,1993-01-01
"1184",1993,"Utah","Export","Upper Basin","Yes",158317.85386498,0.15831785386498,1993-01-01
"1185",1993,"Utah","Import","Upper Basin","Yes",-6438.1001614267,-0.0064381001614267,1993-01-01
"1186",1993,"Utah","Mineral","Upper Basin","Yes",4212.56,0.00421256,1993-01-01
"1187",1993,"Utah","Municipal and Industrial","Upper Basin","Yes",9747.51691483884,0.00974751691483884,1993-01-01
"1188",1993,"Utah","Power","Upper Basin","Yes",36214.386,0.036214386,1993-01-01
"1189",1993,"Utah","Reservoir Evaporation","Upper Basin","Yes",157865.145559224,0.157865145559224,1993-01-01
"1190",1993,"Wyoming","Agriculture","Upper Basin","Yes",387133.707458069,0.387133707458069,1993-01-01
"1191",1993,"Wyoming","Export","Upper Basin","Yes",25212,0.025212,1993-01-01
"1192",1993,"Wyoming","Import","Upper Basin","Yes",0,0,1993-01-01
"1193",1993,"Wyoming","Mineral","Upper Basin","Yes",8744.32,0.00874432,1993-01-01
"1194",1993,"Wyoming","Municipal and Industrial","Upper Basin","Yes",4061.55588140189,0.00406155588140189,1993-01-01
"1195",1993,"Wyoming","Power","Upper Basin","Yes",43617,0.043617,1993-01-01
"1196",1993,"Wyoming","Reservoir Evaporation","Upper Basin","Yes",31810.5462287233,0.0318105462287233,1993-01-01
"1197",1994,"Arizona","Agriculture","Lower Basin","Yes",1280883,1.280883,1994-01-01
"1198",1994,"Arizona","Agriculture","Upper Basin","Yes",2685.49308495446,0.00268549308495446,1994-01-01
"1199",1994,"Arizona","Export","Lower Basin","Yes",0,0,1994-01-01
"1200",1994,"Arizona","Export","Upper Basin","Yes",0,0,1994-01-01
"1201",1994,"Arizona","Export Within System","Lower Basin","Yes",767432,0.767432,1994-01-01
"1202",1994,"Arizona","Import","Upper Basin","Yes",0,0,1994-01-01
"1203",1994,"Arizona","Mineral","Upper Basin","Yes",0,0,1994-01-01
"1204",1994,"Arizona","Municipal and Industrial","Lower Basin","Yes",40262,0.040262,1994-01-01
"1205",1994,"Arizona","Municipal and Industrial","Upper Basin","Yes",5782.706,0.005782706,1994-01-01
"1206",1994,"Arizona","Power","Lower Basin","Yes",0,0,1994-01-01
"1207",1994,"Arizona","Power","Upper Basin","Yes",24153,0.024153,1994-01-01
"1208",1994,"Arizona","Reservoir Evaporation","Upper Basin","Yes",3827.969,0.003827969,1994-01-01
"1209",1994,"California","Agriculture","Lower Basin","Yes",474108,0.474108,1994-01-01
"1210",1994,"California","Export","Lower Basin","Yes",4656538,4.656538,1994-01-01
"1211",1994,"California","Export Within System","Lower Basin","Yes",0,0,1994-01-01
"1212",1994,"California","Municipal and Industrial","Lower Basin","Yes",4409,0.004409,1994-01-01
"1213",1994,"California","Power","Lower Basin","Yes",0,0,1994-01-01
"1214",1994,"Colorado","Agriculture","Upper Basin","Yes",1288901.21738137,1.28890121738137,1994-01-01
"1215",1994,"Colorado","Export","Upper Basin","Yes",704468.9,0.7044689,1994-01-01
"1216",1994,"Colorado","Import","Upper Basin","Yes",-193160.41,-0.19316041,1994-01-01
"1217",1994,"Colorado","Mineral","Upper Basin","Yes",3538.5599248,0.0035385599248,1994-01-01
"1218",1994,"Colorado","Municipal and Industrial","Upper Basin","Yes",29761.7673325946,0.0297617673325946,1994-01-01
"1219",1994,"Colorado","Power","Upper Basin","Yes",20314.4006,0.0203144006,1994-01-01
"1220",1994,"Colorado","Reservoir Evaporation","Upper Basin","Yes",92330.7218250636,0.0923307218250636,1994-01-01
"1221",1994,"Lake Powell","Reservoir Evaporation","Upper Basin","Yes",534393.8298346,0.5343938298346,1994-01-01
"1222",1994,"Lower Basin Reservoirs","Reservoir Evaporation","Lower Basin","No",1114866,1.114866,1994-01-01
"1223",1994,"Mexico","Mexico Deliveries","Mexico","Yes",1948616,1.948616,1994-01-01
"1224",1994,"Nevada","Agriculture","Lower Basin","Yes",26,2.6e-05,1994-01-01
"1225",1994,"Nevada","Export","Lower Basin","Yes",0,0,1994-01-01
"1226",1994,"Nevada","Export Within System","Lower Basin","Yes",0,0,1994-01-01
"1227",1994,"Nevada","Municipal and Industrial","Lower Basin","Yes",190251,0.190251,1994-01-01
"1228",1994,"Nevada","Power","Lower Basin","Yes",13800,0.0138,1994-01-01
"1229",1994,"New Mexico","Agriculture","Upper Basin","Yes",145785.940840716,0.145785940840716,1994-01-01
"1230",1994,"New Mexico","Export","Upper Basin","Yes",77359,0.077359,1994-01-01
"1231",1994,"New Mexico","Mineral","Upper Basin","Yes",565.92,0.00056592,1994-01-01
"1232",1994,"New Mexico","Municipal and Industrial","Upper Basin","Yes",10737.9536468146,0.0107379536468146,1994-01-01
"1233",1994,"New Mexico","Power","Upper Basin","Yes",49628.269,0.049628269,1994-01-01
"1234",1994,"New Mexico","Reservoir Evaporation","Upper Basin","Yes",32589.65,0.03258965,1994-01-01
"1235",1994,"Utah","Agriculture","Upper Basin","Yes",626785.241901387,0.626785241901388,1994-01-01
"1236",1994,"Utah","Export","Upper Basin","Yes",128958.728195468,0.128958728195468,1994-01-01
"1237",1994,"Utah","Import","Upper Basin","Yes",-4903.27780767161,-0.00490327780767161,1994-01-01
"1238",1994,"Utah","Mineral","Upper Basin","Yes",4318.56,0.00431856,1994-01-01
"1239",1994,"Utah","Municipal and Industrial","Upper Basin","Yes",9788.61599402031,0.00978861599402031,1994-01-01
"1240",1994,"Utah","Power","Upper Basin","Yes",36351.386,0.036351386,1994-01-01
"1241",1994,"Utah","Reservoir Evaporation","Upper Basin","Yes",155191.794968008,0.155191794968008,1994-01-01
"1242",1994,"Wyoming","Agriculture","Upper Basin","Yes",519715.376946917,0.519715376946917,1994-01-01
"1243",1994,"Wyoming","Export","Upper Basin","Yes",16164,0.016164,1994-01-01
"1244",1994,"Wyoming","Import","Upper Basin","Yes",0,0,1994-01-01
"1245",1994,"Wyoming","Mineral","Upper Basin","Yes",6126.32,0.00612632,1994-01-01
"1246",1994,"Wyoming","Municipal and Industrial","Upper Basin","Yes",3979.64812482684,0.00397964812482684,1994-01-01
"1247",1994,"Wyoming","Power","Upper Basin","Yes",46867,0.046867,1994-01-01
"1248",1994,"Wyoming","Reservoir Evaporation","Upper Basin","Yes",32634.89025298,0.03263489025298,1994-01-01
"1249",1995,"Arizona","Agriculture","Lower Basin","Yes",1234264,1.234264,1995-01-01
"1250",1995,"Arizona","Agriculture","Upper Basin","Yes",3633.43796821566,0.00363343796821566,1995-01-01
"1251",1995,"Arizona","Export","Lower Basin","Yes",0,0,1995-01-01
"1252",1995,"Arizona","Export","Upper Basin","Yes",0,0,1995-01-01
"1253",1995,"Arizona","Export Within System","Lower Basin","Yes",716497,0.716497,1995-01-01
"1254",1995,"Arizona","Import","Upper Basin","Yes",0,0,1995-01-01
"1255",1995,"Arizona","Mineral","Upper Basin","Yes",0,0,1995-01-01
"1256",1995,"Arizona","Municipal and Industrial","Lower Basin","Yes",39278,0.039278,1995-01-01
"1257",1995,"Arizona","Municipal and Industrial","Upper Basin","Yes",6257.726,0.006257726,1995-01-01
"1258",1995,"Arizona","Power","Lower Basin","Yes",0,0,1995-01-01
"1259",1995,"Arizona","Power","Upper Basin","Yes",22484,0.022484,1995-01-01
"1260",1995,"Arizona","Reservoir Evaporation","Upper Basin","Yes",3767.7194,0.0037677194,1995-01-01
"1261",1995,"California","Agriculture","Lower Basin","Yes",433007,0.433007,1995-01-01
"1262",1995,"California","Export","Lower Basin","Yes",4460878,4.460878,1995-01-01
"1263",1995,"California","Export Within System","Lower Basin","Yes",0,0,1995-01-01
"1264",1995,"California","Municipal and Industrial","Lower Basin","Yes",6104,0.006104,1995-01-01
"1265",1995,"California","Power","Lower Basin","Yes",0,0,1995-01-01
"1266",1995,"Colorado","Agriculture","Upper Basin","Yes",958911.044992129,0.958911044992129,1995-01-01
"1267",1995,"Colorado","Export","Upper Basin","Yes",702539.58,0.70253958,1995-01-01
"1268",1995,"Colorado","Import","Upper Basin","Yes",-184941.97,-0.18494197,1995-01-01
"1269",1995,"Colorado","Mineral","Upper Basin","Yes",3894.5599048,0.0038945599048,1995-01-01
"1270",1995,"Colorado","Municipal and Industrial","Upper Basin","Yes",31828.702945894,0.031828702945894,1995-01-01
"1271",1995,"Colorado","Power","Upper Basin","Yes",18072.2306,0.0180722306,1995-01-01
"1272",1995,"Colorado","Reservoir Evaporation","Upper Basin","Yes",81641.1137682241,0.0816411137682241,1995-01-01
"1273",1995,"Lake Powell","Reservoir Evaporation","Upper Basin","Yes",570051.8324876,0.5700518324876,1995-01-01
"1274",1995,"Lower Basin Reservoirs","Reservoir Evaporation","Lower Basin","No",1044142,1.044142,1995-01-01
"1275",1995,"Mexico","Mexico Deliveries","Mexico","Yes",1825064,1.825064,1995-01-01
"1276",1995,"Nevada","Agriculture","Lower Basin","Yes",25,2.5e-05,1995-01-01
"1277",1995,"Nevada","Export","Lower Basin","Yes",0,0,1995-01-01
"1278",1995,"Nevada","Export Within System","Lower Basin","Yes",0,0,1995-01-01
"1279",1995,"Nevada","Municipal and Industrial","Lower Basin","Yes",178612,0.178612,1995-01-01
"1280",1995,"Nevada","Power","Lower Basin","Yes",13670,0.01367,1995-01-01
"1281",1995,"New Mexico","Agriculture","Upper Basin","Yes",140183.968568825,0.140183968568825,1995-01-01
"1282",1995,"New Mexico","Export","Upper Basin","Yes",85053.32,0.08505332,1995-01-01
"1283",1995,"New Mexico","Mineral","Upper Basin","Yes",657.92,0.00065792,1995-01-01
"1284",1995,"New Mexico","Municipal and Industrial","Upper Basin","Yes",9837.64336051425,0.00983764336051425,1995-01-01
"1285",1995,"New Mexico","Power","Upper Basin","Yes",44695.23,0.04469523,1995-01-01
"1286",1995,"New Mexico","Reservoir Evaporation","Upper Basin","Yes",31568.96,0.03156896,1995-01-01
"1287",1995,"Utah","Agriculture","Upper Basin","Yes",525248.565334646,0.525248565334646,1995-01-01
"1288",1995,"Utah","Export","Upper Basin","Yes",102299.238154461,0.102299238154461,1995-01-01
"1289",1995,"Utah","Import","Upper Basin","Yes",-6748.49165962026,-0.00674849165962026,1995-01-01
"1290",1995,"Utah","Mineral","Upper Basin","Yes",4424.56,0.00442456,1995-01-01
"1291",1995,"Utah","Municipal and Industrial","Upper Basin","Yes",9783.10838226101,0.00978310838226101,1995-01-01
"1292",1995,"Utah","Power","Upper Basin","Yes",36265.386,0.036265386,1995-01-01
"1293",1995,"Utah","Reservoir Evaporation","Upper Basin","Yes",156624.038239131,0.156624038239131,1995-01-01
"1294",1995,"Wyoming","Agriculture","Upper Basin","Yes",313201.746635371,0.313201746635371,1995-01-01
"1295",1995,"Wyoming","Export","Upper Basin","Yes",13934,0.013934,1995-01-01
"1296",1995,"Wyoming","Import","Upper Basin","Yes",0,0,1995-01-01
"1297",1995,"Wyoming","Mineral","Upper Basin","Yes",3508.32,0.00350832,1995-01-01
"1298",1995,"Wyoming","Municipal and Industrial","Upper Basin","Yes",3875.22491185779,0.00387522491185779,1995-01-01
"1299",1995,"Wyoming","Power","Upper Basin","Yes",36114,0.036114,1995-01-01
"1300",1995,"Wyoming","Reservoir Evaporation","Upper Basin","Yes",31521.30511834,0.03152130511834,1995-01-01
"1301",1996,"Arizona","Agriculture","Lower Basin","Yes",1298797,1.298797,1996-01-01
"1302",1996,"Arizona","Agriculture","Upper Basin","Yes",1908.13359335123,0.00190813359335123,1996-01-01
"1303",1996,"Arizona","Export","Lower Basin","Yes",0,0,1996-01-01
"1304",1996,"Arizona","Export","Upper Basin","Yes",0,0,1996-01-01
"1305",1996,"Arizona","Export Within System","Lower Basin","Yes",1347370,1.34737,1996-01-01
"1306",1996,"Arizona","Import","Upper Basin","Yes",0,0,1996-01-01
"1307",1996,"Arizona","Mineral","Upper Basin","Yes",0,0,1996-01-01
"1308",1996,"Arizona","Municipal and Industrial","Lower Basin","Yes",37426,0.037426,1996-01-01
"1309",1996,"Arizona","Municipal and Industrial","Upper Basin","Yes",5801.33000603322,0.00580133000603322,1996-01-01
"1310",1996,"Arizona","Power","Lower Basin","Yes",0,0,1996-01-01
"1311",1996,"Arizona","Power","Upper Basin","Yes",21885,0.021885,1996-01-01
"1312",1996,"Arizona","Reservoir Evaporation","Upper Basin","Yes",5563.25303651678,0.00556325303651678,1996-01-01
"1313",1996,"California","Agriculture","Lower Basin","Yes",493856,0.493856,1996-01-01
"1314",1996,"California","Export","Lower Basin","Yes",4620969,4.620969,1996-01-01
"1315",1996,"California","Export Within System","Lower Basin","Yes",0,0,1996-01-01
"1316",1996,"California","Municipal and Industrial","Lower Basin","Yes",2140,0.00214,1996-01-01
"1317",1996,"California","Power","Lower Basin","Yes",0,0,1996-01-01
"1318",1996,"Colorado","Agriculture","Upper Basin","Yes",1373839.72691771,1.37383972691771,1996-01-01
"1319",1996,"Colorado","Export","Upper Basin","Yes",685044.16,0.68504416,1996-01-01
"1320",1996,"Colorado","Import","Upper Basin","Yes",-228421.58,-0.22842158,1996-01-01
"1321",1996,"Colorado","Mineral","Upper Basin","Yes",3984.14953136609,0.00398414953136609,1996-01-01
"1322",1996,"Colorado","Municipal and Industrial","Upper Basin","Yes",33691.5085638623,0.0336915085638623,1996-01-01
"1323",1996,"Colorado","Power","Upper Basin","Yes",17886.4025,0.0178864025,1996-01-01
"1324",1996,"Colorado","Reservoir Evaporation","Upper Basin","Yes",86780.9335022267,0.0867809335022268,1996-01-01
"1325",1996,"Lake Powell","Reservoir Evaporation","Upper Basin","Yes",616968.2616905,0.6169682616905,1996-01-01
"1326",1996,"Lower Basin Reservoirs","Reservoir Evaporation","Lower Basin","No",1164524,1.164524,1996-01-01
"1327",1996,"Mexico","Mexico Deliveries","Mexico","Yes",1721960,1.72196,1996-01-01
"1328",1996,"Nevada","Agriculture","Lower Basin","Yes",82,8.2e-05,1996-01-01
"1329",1996,"Nevada","Export","Lower Basin","Yes",0,0,1996-01-01
"1330",1996,"Nevada","Export Within System","Lower Basin","Yes",0,0,1996-01-01
"1331",1996,"Nevada","Municipal and Industrial","Lower Basin","Yes",225407,0.225407,1996-01-01
"1332",1996,"Nevada","Power","Lower Basin","Yes",12923,0.012923,1996-01-01
"1333",1996,"New Mexico","Agriculture","Upper Basin","Yes",188839.966581931,0.188839966581931,1996-01-01
"1334",1996,"New Mexico","Export","Upper Basin","Yes",55092.42,0.05509242,1996-01-01
"1335",1996,"New Mexico","Mineral","Upper Basin","Yes",599.44,0.00059944,1996-01-01
"1336",1996,"New Mexico","Municipal and Industrial","Upper Basin","Yes",9845.56165043169,0.00984556165043169,1996-01-01
"1337",1996,"New Mexico","Power","Upper Basin","Yes",43247,0.043247,1996-01-01
"1338",1996,"New Mexico","Reservoir Evaporation","Upper Basin","Yes",29585.2235628,0.0295852235628,1996-01-01
"1339",1996,"Utah","Agriculture","Upper Basin","Yes",731084.116965506,0.731084116965506,1996-01-01
"1340",1996,"Utah","Export","Upper Basin","Yes",131224.769088585,0.131224769088585,1996-01-01
"1341",1996,"Utah","Import","Upper Basin","Yes",-4845,-0.004845,1996-01-01
"1342",1996,"Utah","Mineral","Upper Basin","Yes",4129.94459553193,0.00412994459553193,1996-01-01
"1343",1996,"Utah","Municipal and Industrial","Upper Basin","Yes",10181.0099975193,0.0101810099975193,1996-01-01
"1344",1996,"Utah","Power","Upper Basin","Yes",39978.172,0.039978172,1996-01-01
"1345",1996,"Utah","Reservoir Evaporation","Upper Basin","Yes",157356.222174252,0.157356222174252,1996-01-01
"1346",1996,"Wyoming","Agriculture","Upper Basin","Yes",563228.416319666,0.563228416319666,1996-01-01
"1347",1996,"Wyoming","Export","Upper Basin","Yes",18804,0.018804,1996-01-01
"1348",1996,"Wyoming","Import","Upper Basin","Yes",0,0,1996-01-01
"1349",1996,"Wyoming","Mineral","Upper Basin","Yes",2608.53622116978,0.00260853622116979,1996-01-01
"1350",1996,"Wyoming","Municipal and Industrial","Upper Basin","Yes",4141.12340879721,0.00414112340879721,1996-01-01
"1351",1996,"Wyoming","Power","Upper Basin","Yes",36044.66,0.03604466,1996-01-01
"1352",1996,"Wyoming","Reservoir Evaporation","Upper Basin","Yes",33220.7905193432,0.0332207905193432,1996-01-01
"1353",1997,"Arizona","Agriculture","Lower Basin","Yes",1279651,1.279651,1997-01-01
"1354",1997,"Arizona","Agriculture","Upper Basin","Yes",1308.25409357002,0.00130825409357002,1997-01-01
"1355",1997,"Arizona","Export","Lower Basin","Yes",0,0,1997-01-01
"1356",1997,"Arizona","Export","Upper Basin","Yes",0,0,1997-01-01
"1357",1997,"Arizona","Export Within System","Lower Basin","Yes",1134980,1.13498,1997-01-01
"1358",1997,"Arizona","Import","Upper Basin","Yes",0,0,1997-01-01
"1359",1997,"Arizona","Mineral","Upper Basin","Yes",0,0,1997-01-01
"1360",1997,"Arizona","Municipal and Industrial","Lower Basin","Yes",35610,0.03561,1997-01-01
"1361",1997,"Arizona","Municipal and Industrial","Upper Basin","Yes",5061.11374609898,0.00506111374609898,1997-01-01
"1362",1997,"Arizona","Power","Lower Basin","Yes",0,0,1997-01-01
"1363",1997,"Arizona","Power","Upper Basin","Yes",21788,0.021788,1997-01-01
"1364",1997,"Arizona","Reservoir Evaporation","Upper Basin","Yes",5701.11929106334,0.00570111929106334,1997-01-01
"1365",1997,"California","Agriculture","Lower Basin","Yes",461103,0.461103,1997-01-01
"1366",1997,"California","Export","Lower Basin","Yes",4765075,4.765075,1997-01-01
"1367",1997,"California","Export Within System","Lower Basin","Yes",0,0,1997-01-01
"1368",1997,"California","Municipal and Industrial","Lower Basin","Yes",3562,0.003562,1997-01-01
"1369",1997,"California","Power","Lower Basin","Yes",0,0,1997-01-01
"1370",1997,"Colorado","Agriculture","Upper Basin","Yes",905658.985497165,0.905658985497165,1997-01-01
"1371",1997,"Colorado","Export","Upper Basin","Yes",715643.74,0.71564374,1997-01-01
"1372",1997,"Colorado","Import","Upper Basin","Yes",-183253.68,-0.18325368,1997-01-01
"1373",1997,"Colorado","Mineral","Upper Basin","Yes",3989.60957263727,0.00398960957263727,1997-01-01
"1374",1997,"Colorado","Municipal and Industrial","Upper Basin","Yes",35582.757507687,0.035582757507687,1997-01-01
"1375",1997,"Colorado","Power","Upper Basin","Yes",21621.9735,0.0216219735,1997-01-01
"1376",1997,"Colorado","Reservoir Evaporation","Upper Basin","Yes",87824.5740151752,0.0878245740151752,1997-01-01
"1377",1997,"Lake Powell","Reservoir Evaporation","Upper Basin","Yes",618768.8304307,0.6187688304307,1997-01-01
"1378",1997,"Lower Basin Reservoirs","Reservoir Evaporation","Lower Basin","No",1136176,1.136176,1997-01-01
"1379",1997,"Mexico","Mexico Deliveries","Mexico","Yes",2735432,2.735432,1997-01-01
"1380",1997,"Nevada","Agriculture","Lower Basin","Yes",1233,0.001233,1997-01-01
"1381",1997,"Nevada","Export","Lower Basin","Yes",0,0,1997-01-01
"1382",1997,"Nevada","Export Within System","Lower Basin","Yes",0,0,1997-01-01
"1383",1997,"Nevada","Municipal and Industrial","Lower Basin","Yes",217575,0.217575,1997-01-01
"1384",1997,"Nevada","Power","Lower Basin","Yes",13660,0.01366,1997-01-01
"1385",1997,"New Mexico","Agriculture","Upper Basin","Yes",134090.973483337,0.134090973483337,1997-01-01
"1386",1997,"New Mexico","Export","Upper Basin","Yes",136000,0.136,1997-01-01
"1387",1997,"New Mexico","Mineral","Upper Basin","Yes",493.44,0.00049344,1997-01-01
"1388",1997,"New Mexico","Municipal and Industrial","Upper Basin","Yes",9964.79436024061,0.00996479436024061,1997-01-01
"1389",1997,"New Mexico","Power","Upper Basin","Yes",46523.51,0.04652351,1997-01-01
"1390",1997,"New Mexico","Reservoir Evaporation","Upper Basin","Yes",29495.71,0.02949571,1997-01-01
"1391",1997,"Utah","Agriculture","Upper Basin","Yes",507686.764761809,0.507686764761809,1997-01-01
"1392",1997,"Utah","Export","Upper Basin","Yes",135365.022764706,0.135365022764706,1997-01-01
"1393",1997,"Utah","Import","Upper Basin","Yes",-5494,-0.005494,1997-01-01
"1394",1997,"Utah","Mineral","Upper Basin","Yes",3708.81906333711,0.00370881906333711,1997-01-01
"1395",1997,"Utah","Municipal and Industrial","Upper Basin","Yes",10717.6173578937,0.0107176173578937,1997-01-01
"1396",1997,"Utah","Power","Upper Basin","Yes",38027.056,0.038027056,1997-01-01
"1397",1997,"Utah","Reservoir Evaporation","Upper Basin","Yes",160090.691422198,0.160090691422198,1997-01-01
"1398",1997,"Wyoming","Agriculture","Upper Basin","Yes",444114.561861652,0.444114561861652,1997-01-01
"1399",1997,"Wyoming","Export","Upper Basin","Yes",15909,0.015909,1997-01-01
"1400",1997,"Wyoming","Import","Upper Basin","Yes",0,0,1997-01-01
"1401",1997,"Wyoming","Mineral","Upper Basin","Yes",2251.34703849845,0.00225134703849845,1997-01-01
"1402",1997,"Wyoming","Municipal and Industrial","Upper Basin","Yes",4471.81533530977,0.00447181533530977,1997-01-01
"1403",1997,"Wyoming","Power","Upper Basin","Yes",40431.24,0.04043124,1997-01-01
"1404",1997,"Wyoming","Reservoir Evaporation","Upper Basin","Yes",34191.0297832238,0.0341910297832238,1997-01-01
"1405",1998,"Arizona","Agriculture","Lower Basin","Yes",1142530,1.14253,1998-01-01
"1406",1998,"Arizona","Agriculture","Upper Basin","Yes",1590.30883846373,0.00159030883846373,1998-01-01
"1407",1998,"Arizona","Export","Lower Basin","Yes",0,0,1998-01-01
"1408",1998,"Arizona","Export","Upper Basin","Yes",0,0,1998-01-01
"1409",1998,"Arizona","Export Within System","Lower Basin","Yes",1365144,1.365144,1998-01-01
"1410",1998,"Arizona","Import","Upper Basin","Yes",0,0,1998-01-01
"1411",1998,"Arizona","Mineral","Upper Basin","Yes",0,0,1998-01-01
"1412",1998,"Arizona","Municipal and Industrial","Lower Basin","Yes",34012,0.034012,1998-01-01
"1413",1998,"Arizona","Municipal and Industrial","Upper Basin","Yes",5212.01836913182,0.00521201836913182,1998-01-01
"1414",1998,"Arizona","Power","Lower Basin","Yes",0,0,1998-01-01
"1415",1998,"Arizona","Power","Upper Basin","Yes",24478,0.024478,1998-01-01
"1416",1998,"Arizona","Reservoir Evaporation","Upper Basin","Yes",5287.99911859886,0.00528799911859886,1998-01-01
"1417",1998,"California","Agriculture","Lower Basin","Yes",413095,0.413095,1998-01-01
"1418",1998,"California","Export","Lower Basin","Yes",4475454,4.475454,1998-01-01
"1419",1998,"California","Export Within System","Lower Basin","Yes",0,0,1998-01-01
"1420",1998,"California","Municipal and Industrial","Lower Basin","Yes",6655,0.006655,1998-01-01
"1421",1998,"California","Power","Lower Basin","Yes",0,0,1998-01-01
"1422",1998,"Colorado","Agriculture","Upper Basin","Yes",1245424.45188347,1.24542445188347,1998-01-01
"1423",1998,"Colorado","Export","Upper Basin","Yes",660783.51,0.66078351,1998-01-01
"1424",1998,"Colorado","Import","Upper Basin","Yes",-218734.5,-0.2187345,1998-01-01
"1425",1998,"Colorado","Mineral","Upper Basin","Yes",3995.06961390844,0.00399506961390844,1998-01-01
"1426",1998,"Colorado","Municipal and Industrial","Upper Basin","Yes",37465.6375549822,0.0374656375549822,1998-01-01
"1427",1998,"Colorado","Power","Upper Basin","Yes",21431.914,0.021431914,1998-01-01
"1428",1998,"Colorado","Reservoir Evaporation","Upper Basin","Yes",97036.3233646432,0.0970363233646432,1998-01-01
"1429",1998,"Lake Powell","Reservoir Evaporation","Upper Basin","Yes",640568.0362698,0.6405680362698,1998-01-01
"1430",1998,"Lower Basin Reservoirs","Reservoir Evaporation","Lower Basin","No",1143306,1.143306,1998-01-01
"1431",1998,"Mexico","Mexico Deliveries","Mexico","Yes",3871075,3.871075,1998-01-01
"1432",1998,"Nevada","Agriculture","Lower Basin","Yes",1710,0.00171,1998-01-01
"1433",1998,"Nevada","Export","Lower Basin","Yes",0,0,1998-01-01
"1434",1998,"Nevada","Export Within System","Lower Basin","Yes",0,0,1998-01-01
"1435",1998,"Nevada","Municipal and Industrial","Lower Basin","Yes",192674,0.192674,1998-01-01
"1436",1998,"Nevada","Power","Lower Basin","Yes",11930,0.01193,1998-01-01
"1437",1998,"New Mexico","Agriculture","Upper Basin","Yes",189725.809458786,0.189725809458786,1998-01-01
"1438",1998,"New Mexico","Export","Upper Basin","Yes",95388,0.095388,1998-01-01
"1439",1998,"New Mexico","Mineral","Upper Basin","Yes",387.44,0.00038744,1998-01-01
"1440",1998,"New Mexico","Municipal and Industrial","Upper Basin","Yes",10175.7446679003,0.0101757446679003,1998-01-01
"1441",1998,"New Mexico","Power","Upper Basin","Yes",44650.956,0.044650956,1998-01-01
"1442",1998,"New Mexico","Reservoir Evaporation","Upper Basin","Yes",31297.13,0.03129713,1998-01-01
"1443",1998,"Utah","Agriculture","Upper Basin","Yes",574552.512670803,0.574552512670803,1998-01-01
"1444",1998,"Utah","Export","Upper Basin","Yes",128383.184881324,0.128383184881324,1998-01-01
"1445",1998,"Utah","Import","Upper Basin","Yes",-6544,-0.006544,1998-01-01
"1446",1998,"Utah","Mineral","Upper Basin","Yes",3287.69353114228,0.00328769353114228,1998-01-01
"1447",1998,"Utah","Municipal and Industrial","Upper Basin","Yes",11213.6582102566,0.0112136582102566,1998-01-01
"1448",1998,"Utah","Power","Upper Basin","Yes",36354.2632858605,0.0363542632858605,1998-01-01
"1449",1998,"Utah","Reservoir Evaporation","Upper Basin","Yes",165130.445250323,0.165130445250323,1998-01-01
"1450",1998,"Wyoming","Agriculture","Upper Basin","Yes",399147.678729461,0.399147678729461,1998-01-01
"1451",1998,"Wyoming","Export","Upper Basin","Yes",16660,0.01666,1998-01-01
"1452",1998,"Wyoming","Import","Upper Basin","Yes",0,0,1998-01-01
"1453",1998,"Wyoming","Mineral","Upper Basin","Yes",1894.15785582711,0.00189415785582711,1998-01-01
"1454",1998,"Wyoming","Municipal and Industrial","Upper Basin","Yes",4822.46418940945,0.00482246418940946,1998-01-01
"1455",1998,"Wyoming","Power","Upper Basin","Yes",45930.26,0.04593026,1998-01-01
"1456",1998,"Wyoming","Reservoir Evaporation","Upper Basin","Yes",34317.5886152558,0.0343175886152558,1998-01-01
"1457",1999,"Arizona","Agriculture","Lower Basin","Yes",1132760,1.13276,1999-01-01
"1458",1999,"Arizona","Agriculture","Upper Basin","Yes",1374.47017953733,0.00137447017953733,1999-01-01
"1459",1999,"Arizona","Export","Lower Basin","Yes",0,0,1999-01-01
"1460",1999,"Arizona","Export","Upper Basin","Yes",0,0,1999-01-01
"1461",1999,"Arizona","Export Within System","Lower Basin","Yes",1334500,1.3345,1999-01-01
"1462",1999,"Arizona","Import","Upper Basin","Yes",0,0,1999-01-01
"1463",1999,"Arizona","Mineral","Upper Basin","Yes",0,0,1999-01-01
"1464",1999,"Arizona","Municipal and Industrial","Lower Basin","Yes",34264,0.034264,1999-01-01
"1465",1999,"Arizona","Municipal and Industrial","Upper Basin","Yes",5299.97213930383,0.00529997213930383,1999-01-01
"1466",1999,"Arizona","Power","Lower Basin","Yes",0,0,1999-01-01
"1467",1999,"Arizona","Power","Upper Basin","Yes",26016,0.026016,1999-01-01
"1468",1999,"Arizona","Reservoir Evaporation","Upper Basin","Yes",4963.66515357787,0.00496366515357787,1999-01-01
"1469",1999,"California","Agriculture","Lower Basin","Yes",461275,0.461275,1999-01-01
"1470",1999,"California","Export","Lower Basin","Yes",4592585,4.592585,1999-01-01
"1471",1999,"California","Export Within System","Lower Basin","Yes",0,0,1999-01-01
"1472",1999,"California","Municipal and Industrial","Lower Basin","Yes",3073,0.003073,1999-01-01
"1473",1999,"California","Power","Lower Basin","Yes",0,0,1999-01-01
"1474",1999,"Colorado","Agriculture","Upper Basin","Yes",1046861.68367977,1.04686168367977,1999-01-01
"1475",1999,"Colorado","Export","Upper Basin","Yes",565789.54,0.56578954,1999-01-01
"1476",1999,"Colorado","Import","Upper Basin","Yes",-182057.83,-0.18205783,1999-01-01
"1477",1999,"Colorado","Mineral","Upper Basin","Yes",4000.52965517962,0.00400052965517962,1999-01-01
"1478",1999,"Colorado","Municipal and Industrial","Upper Basin","Yes",39356.9675457612,0.0393569675457612,1999-01-01
"1479",1999,"Colorado","Power","Upper Basin","Yes",20009.903,0.020009903,1999-01-01
"1480",1999,"Colorado","Reservoir Evaporation","Upper Basin","Yes",99444.8023317628,0.0994448023317628,1999-01-01
"1481",1999,"Lake Powell","Reservoir Evaporation","Upper Basin","Yes",638258.8362995,0.6382588362995,1999-01-01
"1482",1999,"Lower Basin Reservoirs","Reservoir Evaporation","Lower Basin","No",1192140,1.19214,1999-01-01
"1483",1999,"Mexico","Mexico Deliveries","Mexico","Yes",3471110,3.47111,1999-01-01
"1484",1999,"Nevada","Agriculture","Lower Basin","Yes",2883,0.002883,1999-01-01
"1485",1999,"Nevada","Export","Lower Basin","Yes",0,0,1999-01-01
"1486",1999,"Nevada","Export Within System","Lower Basin","Yes",0,0,1999-01-01
"1487",1999,"Nevada","Municipal and Industrial","Lower Basin","Yes",228464,0.228464,1999-01-01
"1488",1999,"Nevada","Power","Lower Basin","Yes",13138,0.013138,1999-01-01
"1489",1999,"New Mexico","Agriculture","Upper Basin","Yes",136000.803926324,0.136000803926324,1999-01-01
"1490",1999,"New Mexico","Export","Upper Basin","Yes",117155.7,0.1171557,1999-01-01
"1491",1999,"New Mexico","Mineral","Upper Basin","Yes",281.44,0.00028144,1999-01-01
"1492",1999,"New Mexico","Municipal and Industrial","Upper Basin","Yes",10472.9100817768,0.0104729100817768,1999-01-01
"1493",1999,"New Mexico","Power","Upper Basin","Yes",43496.421,0.043496421,1999-01-01
"1494",1999,"New Mexico","Reservoir Evaporation","Upper Basin","Yes",29654.5599347,0.0296545599347,1999-01-01
"1495",1999,"Utah","Agriculture","Upper Basin","Yes",573234.262540835,0.573234262540835,1999-01-01
"1496",1999,"Utah","Export","Upper Basin","Yes",149732.458082045,0.149732458082045,1999-01-01
"1497",1999,"Utah","Import","Upper Basin","Yes",-6856,-0.006856,1999-01-01
"1498",1999,"Utah","Mineral","Upper Basin","Yes",2866.56799894745,0.00286656799894745,1999-01-01
"1499",1999,"Utah","Municipal and Industrial","Upper Basin","Yes",11701.8321684167,0.0117018321684167,1999-01-01
"1500",1999,"Utah","Power","Upper Basin","Yes",39888.9762323089,0.0398889762323089,1999-01-01
"1501",1999,"Utah","Reservoir Evaporation","Upper Basin","Yes",166086.317604025,0.166086317604025,1999-01-01
"1502",1999,"Wyoming","Agriculture","Upper Basin","Yes",496797.166229241,0.496797166229241,1999-01-01
"1503",1999,"Wyoming","Export","Upper Basin","Yes",15042,0.015042,1999-01-01
"1504",1999,"Wyoming","Import","Upper Basin","Yes",0,0,1999-01-01
"1505",1999,"Wyoming","Mineral","Upper Basin","Yes",1536.96867315578,0.00153696867315578,1999-01-01
"1506",1999,"Wyoming","Municipal and Industrial","Upper Basin","Yes",5155.50327617931,0.00515550327617931,1999-01-01
"1507",1999,"Wyoming","Power","Upper Basin","Yes",43909.45,0.04390945,1999-01-01
"1508",1999,"Wyoming","Reservoir Evaporation","Upper Basin","Yes",34926.0938113764,0.0349260938113764,1999-01-01
"1509",2000,"Arizona","Agriculture","Lower Basin","Yes",1205571,1.205571,2000-01-01
"1510",2000,"Arizona","Agriculture","Upper Basin","Yes",1538.26122522845,0.00153826122522845,2000-01-01
"1511",2000,"Arizona","Export","Lower Basin","Yes",0,0,2000-01-01
"1512",2000,"Arizona","Export","Upper Basin","Yes",0,0,2000-01-01
"1513",2000,"Arizona","Export Within System","Lower Basin","Yes",1359295,1.359295,2000-01-01
"1514",2000,"Arizona","Import","Upper Basin","Yes",0,0,2000-01-01
"1515",2000,"Arizona","Mineral","Upper Basin","Yes",0,0,2000-01-01
"1516",2000,"Arizona","Municipal and Industrial","Lower Basin","Yes",44257,0.044257,2000-01-01
"1517",2000,"Arizona","Municipal and Industrial","Upper Basin","Yes",5213.347073651,0.005213347073651,2000-01-01
"1518",2000,"Arizona","Power","Lower Basin","Yes",0,0,2000-01-01
"1519",2000,"Arizona","Power","Upper Basin","Yes",28994,0.028994,2000-01-01
"1520",2000,"Arizona","Reservoir Evaporation","Upper Basin","Yes",4524.14876196255,0.00452414876196256,2000-01-01
"1521",2000,"California","Agriculture","Lower Basin","Yes",523217,0.523217,2000-01-01
"1522",2000,"California","Export","Lower Basin","Yes",4825354,4.825354,2000-01-01
"1523",2000,"California","Export Within System","Lower Basin","Yes",0,0,2000-01-01
"1524",2000,"California","Municipal and Industrial","Lower Basin","Yes",2004,0.002004,2000-01-01
"1525",2000,"California","Power","Lower Basin","Yes",0,0,2000-01-01
"1526",2000,"Colorado","Agriculture","Upper Basin","Yes",1604636.99900271,1.60463699900271,2000-01-01
"1527",2000,"Colorado","Export","Upper Basin","Yes",797418.15,0.79741815,2000-01-01
"1528",2000,"Colorado","Import","Upper Basin","Yes",-254291.75,-0.25429175,2000-01-01
"1529",2000,"Colorado","Mineral","Upper Basin","Yes",4005.98969645079,0.00400598969645079,2000-01-01
"1530",2000,"Colorado","Municipal and Industrial","Upper Basin","Yes",40966.1125068608,0.0409661125068608,2000-01-01
"1531",2000,"Colorado","Power","Upper Basin","Yes",15166.207,0.015166207,2000-01-01
"1532",2000,"Colorado","Reservoir Evaporation","Upper Basin","Yes",99937.4181488454,0.0999374181488454,2000-01-01
"1533",2000,"Lake Powell","Reservoir Evaporation","Upper Basin","Yes",615387.2974339,0.6153872974339,2000-01-01
"1534",2000,"Lower Basin Reservoirs","Reservoir Evaporation","Lower Basin","No",1212894,1.212894,2000-01-01
"1535",2000,"Mexico","Mexico Deliveries","Mexico","Yes",2512892,2.512892,2000-01-01
"1536",2000,"Nevada","Agriculture","Lower Basin","Yes",4192,0.004192,2000-01-01
"1537",2000,"Nevada","Export","Lower Basin","Yes",0,0,2000-01-01
"1538",2000,"Nevada","Export Within System","Lower Basin","Yes",0,0,2000-01-01
"1539",2000,"Nevada","Municipal and Industrial","Lower Basin","Yes",280436,0.280436,2000-01-01
"1540",2000,"Nevada","Power","Lower Basin","Yes",13243,0.013243,2000-01-01
"1541",2000,"New Mexico","Agriculture","Upper Basin","Yes",201687.30783511,0.20168730783511,2000-01-01
"1542",2000,"New Mexico","Export","Upper Basin","Yes",40497.8,0.0404978,2000-01-01
"1543",2000,"New Mexico","Mineral","Upper Basin","Yes",175.44,0.00017544,2000-01-01
"1544",2000,"New Mexico","Municipal and Industrial","Upper Basin","Yes",10578.6469403625,0.0105786469403625,2000-01-01
"1545",2000,"New Mexico","Power","Upper Basin","Yes",46138.886,0.046138886,2000-01-01
"1546",2000,"New Mexico","Reservoir Evaporation","Upper Basin","Yes",28982.88,0.02898288,2000-01-01
"1547",2000,"Utah","Agriculture","Upper Basin","Yes",769405.741840017,0.769405741840017,2000-01-01
"1548",2000,"Utah","Export","Upper Basin","Yes",146584.2862424,0.1465842862424,2000-01-01
"1549",2000,"Utah","Import","Upper Basin","Yes",-3624.30578512397,-0.00362430578512397,2000-01-01
"1550",2000,"Utah","Mineral","Upper Basin","Yes",2445.44246675263,0.00244544246675262,2000-01-01
"1551",2000,"Utah","Municipal and Industrial","Upper Basin","Yes",12152.8712336099,0.0121528712336099,2000-01-01
"1552",2000,"Utah","Power","Upper Basin","Yes",41030.412,0.041030412,2000-01-01
"1553",2000,"Utah","Reservoir Evaporation","Upper Basin","Yes",158260.435915122,0.158260435915122,2000-01-01
"1554",2000,"Wyoming","Agriculture","Upper Basin","Yes",561778.259865945,0.561778259865945,2000-01-01
"1555",2000,"Wyoming","Export","Upper Basin","Yes",17117,0.017117,2000-01-01
"1556",2000,"Wyoming","Import","Upper Basin","Yes",0,0,2000-01-01
"1557",2000,"Wyoming","Mineral","Upper Basin","Yes",1179.77949048444,0.00117977949048444,2000-01-01
"1558",2000,"Wyoming","Municipal and Industrial","Upper Basin","Yes",5474.34380944531,0.00547434380944531,2000-01-01
"1559",2000,"Wyoming","Power","Upper Basin","Yes",40081.64,0.04008164,2000-01-01
"1560",2000,"Wyoming","Reservoir Evaporation","Upper Basin","Yes",31919.6789907124,0.0319196789907124,2000-01-01
"1561",2001,"Arizona","Agriculture","Lower Basin","Yes",1109849,1.109849,2001-01-01
"1562",2001,"Arizona","Agriculture","Upper Basin","Yes",1525.02100396557,0.00152502100396557,2001-01-01
"1563",2001,"Arizona","Export","Lower Basin","Yes",0,0,2001-01-01
"1564",2001,"Arizona","Export","Upper Basin","Yes",0,0,2001-01-01
"1565",2001,"Arizona","Export Within System","Lower Basin","Yes",1596177,1.596177,2001-01-01
"1566",2001,"Arizona","Import","Upper Basin","Yes",0,0,2001-01-01
"1567",2001,"Arizona","Mineral","Upper Basin","Yes",0,0,2001-01-01
"1568",2001,"Arizona","Municipal and Industrial","Lower Basin","Yes",37414,0.037414,2001-01-01
"1569",2001,"Arizona","Municipal and Industrial","Upper Basin","Yes",4974.68810534315,0.00497468810534315,2001-01-01
"1570",2001,"Arizona","Power","Lower Basin","Yes",0,0,2001-01-01
"1571",2001,"Arizona","Power","Upper Basin","Yes",27764,0.027764,2001-01-01
"1572",2001,"Arizona","Reservoir Evaporation","Upper Basin","Yes",4372.36906491136,0.00437236906491136,2001-01-01
"1573",2001,"California","Agriculture","Lower Basin","Yes",484481,0.484481,2001-01-01
"1574",2001,"California","Export","Lower Basin","Yes",4635567,4.635567,2001-01-01
"1575",2001,"California","Export Within System","Lower Basin","Yes",0,0,2001-01-01
"1576",2001,"California","Municipal and Industrial","Lower Basin","Yes",2829,0.002829,2001-01-01
"1577",2001,"California","Power","Lower Basin","Yes",0,0,2001-01-01
"1578",2001,"Colorado","Agriculture","Upper Basin","Yes",1366539.72021802,1.36653972021802,2001-01-01
"1579",2001,"Colorado","Export","Upper Basin","Yes",832071.06,0.83207106,2001-01-01
"1580",2001,"Colorado","Import","Upper Basin","Yes",-229061.28,-0.22906128,2001-01-01
"1581",2001,"Colorado","Mineral","Upper Basin","Yes",3601.16278536328,0.00360116278536328,2001-01-01
"1582",2001,"Colorado","Municipal and Industrial","Upper Basin","Yes",40325.6816847979,0.0403256816847979,2001-01-01
"1583",2001,"Colorado","Power","Upper Basin","Yes",18997.15,0.01899715,2001-01-01
"1584",2001,"Colorado","Reservoir Evaporation","Upper Basin","Yes",95618.3093522793,0.0956183093522793,2001-01-01
"1585",2001,"Lake Powell","Reservoir Evaporation","Upper Basin","Yes",569384.5414474,0.5693845414474,2001-01-01
"1586",2001,"Lower Basin Reservoirs","Reservoir Evaporation","Lower Basin","No",1098445,1.098445,2001-01-01
"1587",2001,"Mexico","Mexico Deliveries","Mexico","Yes",1995159,1.995159,2001-01-01
"1588",2001,"Nevada","Agriculture","Lower Basin","Yes",3396,0.003396,2001-01-01
"1589",2001,"Nevada","Export","Lower Basin","Yes",0,0,2001-01-01
"1590",2001,"Nevada","Export Within System","Lower Basin","Yes",0,0,2001-01-01
"1591",2001,"Nevada","Municipal and Industrial","Lower Basin","Yes",270064,0.270064,2001-01-01
"1592",2001,"Nevada","Power","Lower Basin","Yes",13026,0.013026,2001-01-01
"1593",2001,"New Mexico","Agriculture","Upper Basin","Yes",158845.778308848,0.158845778308848,2001-01-01
"1594",2001,"New Mexico","Export","Upper Basin","Yes",105665.9,0.1056659,2001-01-01
"1595",2001,"New Mexico","Mineral","Upper Basin","Yes",143.744615384615,0.000143744615384615,2001-01-01
"1596",2001,"New Mexico","Municipal and Industrial","Upper Basin","Yes",10839.2972424927,0.0108392972424927,2001-01-01
"1597",2001,"New Mexico","Power","Upper Basin","Yes",44984.905,0.044984905,2001-01-01
"1598",2001,"New Mexico","Reservoir Evaporation","Upper Basin","Yes",27352.0300557849,0.0273520300557849,2001-01-01
"1599",2001,"Utah","Agriculture","Upper Basin","Yes",708056.94394839,0.70805694394839,2001-01-01
"1600",2001,"Utah","Export","Upper Basin","Yes",152076.701967869,0.152076701967869,2001-01-01
"1601",2001,"Utah","Import","Upper Basin","Yes",-5943.2479338843,-0.0059432479338843,2001-01-01
"1602",2001,"Utah","Mineral","Upper Basin","Yes",2093.26436713355,0.00209326436713355,2001-01-01
"1603",2001,"Utah","Municipal and Industrial","Upper Basin","Yes",12140.9360289888,0.0121409360289888,2001-01-01
"1604",2001,"Utah","Power","Upper Basin","Yes",34796.0984818306,0.0347960984818306,2001-01-01
"1605",2001,"Utah","Reservoir Evaporation","Upper Basin","Yes",156613.44267888,0.15661344267888,2001-01-01
"1606",2001,"Wyoming","Agriculture","Upper Basin","Yes",539339.574591201,0.539339574591201,2001-01-01
"1607",2001,"Wyoming","Export","Upper Basin","Yes",15103,0.015103,2001-01-01
"1608",2001,"Wyoming","Import","Upper Basin","Yes",0,0,2001-01-01
"1609",2001,"Wyoming","Mineral","Upper Basin","Yes",1057.20424458791,0.00105720424458791,2001-01-01
"1610",2001,"Wyoming","Municipal and Industrial","Upper Basin","Yes",5440.43236276367,0.00544043236276368,2001-01-01
"1611",2001,"Wyoming","Power","Upper Basin","Yes",40926.78,0.04092678,2001-01-01
"1612",2001,"Wyoming","Reservoir Evaporation","Upper Basin","Yes",30507.7936953819,0.0305077936953819,2001-01-01
"1613",2002,"Arizona","Agriculture","Lower Basin","Yes",1193237,1.193237,2002-01-01
"1614",2002,"Arizona","Agriculture","Upper Basin","Yes",1125.84007114047,0.00112584007114047,2002-01-01
"1615",2002,"Arizona","Export","Lower Basin","Yes",0,0,2002-01-01
"1616",2002,"Arizona","Export","Upper Basin","Yes",0,0,2002-01-01
"1617",2002,"Arizona","Export Within System","Lower Basin","Yes",1626502,1.626502,2002-01-01
"1618",2002,"Arizona","Import","Upper Basin","Yes",0,0,2002-01-01
"1619",2002,"Arizona","Mineral","Upper Basin","Yes",0,0,2002-01-01
"1620",2002,"Arizona","Municipal and Industrial","Lower Basin","Yes",38408,0.038408,2002-01-01
"1621",2002,"Arizona","Municipal and Industrial","Upper Basin","Yes",5070.90088725769,0.00507090088725769,2002-01-01
"1622",2002,"Arizona","Power","Lower Basin","Yes",0,0,2002-01-01
"1623",2002,"Arizona","Power","Upper Basin","Yes",28164,0.028164,2002-01-01
"1624",2002,"Arizona","Reservoir Evaporation","Upper Basin","Yes",3695.39604013006,0.00369539604013006,2002-01-01
"1625",2002,"California","Agriculture","Lower Basin","Yes",553328,0.553328,2002-01-01
"1626",2002,"California","Export","Lower Basin","Yes",4790769,4.790769,2002-01-01
"1627",2002,"California","Export Within System","Lower Basin","Yes",0,0,2002-01-01
"1628",2002,"California","Municipal and Industrial","Lower Basin","Yes",2184,0.002184,2002-01-01
"1629",2002,"California","Power","Lower Basin","Yes",0,0,2002-01-01
"1630",2002,"Colorado","Agriculture","Upper Basin","Yes",1278975.23278445,1.27897523278445,2002-01-01
"1631",2002,"Colorado","Export","Upper Basin","Yes",627837.26,0.62783726,2002-01-01
"1632",2002,"Colorado","Import","Upper Basin","Yes",-114558.14,-0.11455814,2002-01-01
"1633",2002,"Colorado","Mineral","Upper Basin","Yes",3066.77157353091,0.00306677157353091,2002-01-01
"1634",2002,"Colorado","Municipal and Industrial","Upper Basin","Yes",39010.2021201519,0.0390102021201519,2002-01-01
"1635",2002,"Colorado","Power","Upper Basin","Yes",19007.5,0.0190075,2002-01-01
"1636",2002,"Colorado","Reservoir Evaporation","Upper Basin","Yes",87717.4672139856,0.0877174672139856,2002-01-01
"1637",2002,"Lake Powell","Reservoir Evaporation","Upper Basin","Yes",483406.7195809,0.4834067195809,2002-01-01
"1638",2002,"Lower Basin Reservoirs","Reservoir Evaporation","Lower Basin","No",1076646,1.076646,2002-01-01
"1639",2002,"Mexico","Mexico Deliveries","Mexico","Yes",1738629,1.738629,2002-01-01
"1640",2002,"Nevada","Agriculture","Lower Basin","Yes",3005,0.003005,2002-01-01
"1641",2002,"Nevada","Export","Lower Basin","Yes",0,0,2002-01-01
"1642",2002,"Nevada","Export Within System","Lower Basin","Yes",0,0,2002-01-01
"1643",2002,"Nevada","Municipal and Industrial","Lower Basin","Yes",308056,0.308056,2002-01-01
"1644",2002,"Nevada","Power","Lower Basin","Yes",12716,0.012716,2002-01-01
"1645",2002,"New Mexico","Agriculture","Upper Basin","Yes",207172.731501728,0.207172731501728,2002-01-01
"1646",2002,"New Mexico","Export","Upper Basin","Yes",5733.76,0.00573376,2002-01-01
"1647",2002,"New Mexico","Mineral","Upper Basin","Yes",135.513846153846,0.000135513846153846,2002-01-01
"1648",2002,"New Mexico","Municipal and Industrial","Upper Basin","Yes",11268.4820721807,0.0112684820721807,2002-01-01
"1649",2002,"New Mexico","Power","Upper Basin","Yes",46696.751,0.046696751,2002-01-01
"1650",2002,"New Mexico","Reservoir Evaporation","Upper Basin","Yes",23149.6881777778,0.0231496881777778,2002-01-01
"1651",2002,"Utah","Agriculture","Upper Basin","Yes",546263.88668336,0.54626388668336,2002-01-01
"1652",2002,"Utah","Export","Upper Basin","Yes",173039.778519978,0.173039778519978,2002-01-01
"1653",2002,"Utah","Import","Upper Basin","Yes",-5741,-0.005741,2002-01-01
"1654",2002,"Utah","Mineral","Upper Basin","Yes",1762.85914095946,0.00176285914095946,2002-01-01
"1655",2002,"Utah","Municipal and Industrial","Upper Basin","Yes",12201.403122307,0.012201403122307,2002-01-01
"1656",2002,"Utah","Power","Upper Basin","Yes",37107.4704,0.0371074704,2002-01-01
"1657",2002,"Utah","Reservoir Evaporation","Upper Basin","Yes",150542.786291324,0.150542786291324,2002-01-01
"1658",2002,"Wyoming","Agriculture","Upper Basin","Yes",461859.570971043,0.461859570971043,2002-01-01
"1659",2002,"Wyoming","Export","Upper Basin","Yes",11106.1545,0.0111061545,2002-01-01
"1660",2002,"Wyoming","Import","Upper Basin","Yes",0,0,2002-01-01
"1661",2002,"Wyoming","Mineral","Upper Basin","Yes",1008.71761030447,0.00100871761030447,2002-01-01
"1662",2002,"Wyoming","Municipal and Industrial","Upper Basin","Yes",5467.36614171685,0.00546736614171684,2002-01-01
"1663",2002,"Wyoming","Power","Upper Basin","Yes",38554.33,0.03855433,2002-01-01
"1664",2002,"Wyoming","Reservoir Evaporation","Upper Basin","Yes",31871.2030974969,0.0318712030974969,2002-01-01
"1665",2003,"Arizona","Agriculture","Lower Basin","Yes",1103792,1.103792,2003-01-01
"1666",2003,"Arizona","Agriculture","Upper Basin","Yes",1406.70272853559,0.00140670272853559,2003-01-01
"1667",2003,"Arizona","Export","Lower Basin","Yes",0,0,2003-01-01
"1668",2003,"Arizona","Export","Upper Basin","Yes",0,0,2003-01-01
"1669",2003,"Arizona","Export Within System","Lower Basin","Yes",1491123,1.491123,2003-01-01
"1670",2003,"Arizona","Import","Upper Basin","Yes",0,0,2003-01-01
"1671",2003,"Arizona","Mineral","Upper Basin","Yes",0,0,2003-01-01
"1672",2003,"Arizona","Municipal and Industrial","Lower Basin","Yes",39773,0.039773,2003-01-01
"1673",2003,"Arizona","Municipal and Industrial","Upper Basin","Yes",5096.79983434646,0.00509679983434646,2003-01-01
"1674",2003,"Arizona","Power","Lower Basin","Yes",0,0,2003-01-01
"1675",2003,"Arizona","Power","Upper Basin","Yes",26564,0.026564,2003-01-01
"1676",2003,"Arizona","Reservoir Evaporation","Upper Basin","Yes",3762.60477202757,0.00376260477202757,2003-01-01
"1677",2003,"California","Agriculture","Lower Basin","Yes",461774,0.461774,2003-01-01
"1678",2003,"California","Export","Lower Basin","Yes",4028426,4.028426,2003-01-01
"1679",2003,"California","Export Within System","Lower Basin","Yes",0,0,2003-01-01
"1680",2003,"California","Municipal and Industrial","Lower Basin","Yes",2564,0.002564,2003-01-01
"1681",2003,"California","Power","Lower Basin","Yes",0,0,2003-01-01
"1682",2003,"Colorado","Agriculture","Upper Basin","Yes",1237456.47894935,1.23745647894935,2003-01-01
"1683",2003,"Colorado","Export","Upper Basin","Yes",624493.58,0.62449358,2003-01-01
"1684",2003,"Colorado","Import","Upper Basin","Yes",-166019.93,-0.16601993,2003-01-01
"1685",2003,"Colorado","Mineral","Upper Basin","Yes",2532.38036169854,0.00253238036169854,2003-01-01
"1686",2003,"Colorado","Municipal and Industrial","Upper Basin","Yes",37367.8876460092,0.0373678876460092,2003-01-01
"1687",2003,"Colorado","Power","Upper Basin","Yes",19362.36,0.01936236,2003-01-01
"1688",2003,"Colorado","Reservoir Evaporation","Upper Basin","Yes",85740.5428460419,0.0857405428460419,2003-01-01
"1689",2003,"Lake Powell","Reservoir Evaporation","Upper Basin","Yes",391213.0650641,0.3912130650641,2003-01-01
"1690",2003,"Lower Basin Reservoirs","Reservoir Evaporation","Lower Basin","No",944343,0.944343,2003-01-01
"1691",2003,"Mexico","Mexico Deliveries","Mexico","Yes",1701521,1.701521,2003-01-01
"1692",2003,"Nevada","Agriculture","Lower Basin","Yes",2932,0.002932,2003-01-01
"1693",2003,"Nevada","Export","Lower Basin","Yes",0,0,2003-01-01
"1694",2003,"Nevada","Export Within System","Lower Basin","Yes",0,0,2003-01-01
"1695",2003,"Nevada","Municipal and Industrial","Lower Basin","Yes",266201,0.266201,2003-01-01
"1696",2003,"Nevada","Power","Lower Basin","Yes",11212,0.011212,2003-01-01
"1697",2003,"New Mexico","Agriculture","Upper Basin","Yes",203624.860092385,0.203624860092385,2003-01-01
"1698",2003,"New Mexico","Export","Upper Basin","Yes",59014,0.059014,2003-01-01
"1699",2003,"New Mexico","Mineral","Upper Basin","Yes",127.283076923077,0.000127283076923077,2003-01-01
"1700",2003,"New Mexico","Municipal and Industrial","Upper Basin","Yes",11609.3210054212,0.0116093210054212,2003-01-01
"1701",2003,"New Mexico","Power","Upper Basin","Yes",46935.26,0.04693526,2003-01-01
"1702",2003,"New Mexico","Reservoir Evaporation","Upper Basin","Yes",18233.1081777778,0.0182331081777778,2003-01-01
"1703",2003,"Utah","Agriculture","Upper Basin","Yes",562094.828707808,0.562094828707808,2003-01-01
"1704",2003,"Utah","Export","Upper Basin","Yes",168343.914416511,0.168343914416511,2003-01-01
"1705",2003,"Utah","Import","Upper Basin","Yes",-2983.64462809917,-0.00298364462809917,2003-01-01
"1706",2003,"Utah","Mineral","Upper Basin","Yes",1432.45391478537,0.00143245391478537,2003-01-01
"1707",2003,"Utah","Municipal and Industrial","Upper Basin","Yes",12160.8741876073,0.0121608741876073,2003-01-01
"1708",2003,"Utah","Power","Upper Basin","Yes",36821.1444,0.0368211444,2003-01-01
"1709",2003,"Utah","Reservoir Evaporation","Upper Basin","Yes",146436.599203978,0.146436599203978,2003-01-01
"1710",2003,"Wyoming","Agriculture","Upper Basin","Yes",448835.257500525,0.448835257500525,2003-01-01
"1711",2003,"Wyoming","Export","Upper Basin","Yes",19386.25905,0.01938625905,2003-01-01
"1712",2003,"Wyoming","Import","Upper Basin","Yes",0,0,2003-01-01
"1713",2003,"Wyoming","Mineral","Upper Basin","Yes",960.230976021038,0.000960230976021038,2003-01-01
"1714",2003,"Wyoming","Municipal and Industrial","Upper Basin","Yes",5461.85274185525,0.00546185274185525,2003-01-01
"1715",2003,"Wyoming","Power","Upper Basin","Yes",38363.63,0.03836363,2003-01-01
"1716",2003,"Wyoming","Reservoir Evaporation","Upper Basin","Yes",32703.7193939318,0.0327037193939318,2003-01-01
"1717",2004,"Arizona","Agriculture","Lower Basin","Yes",1142160,1.14216,2004-01-01
"1718",2004,"Arizona","Agriculture","Upper Basin","Yes",1358.46826057937,0.00135846826057937,2004-01-01
"1719",2004,"Arizona","Export","Lower Basin","Yes",0,0,2004-01-01
"1720",2004,"Arizona","Export","Upper Basin","Yes",0,0,2004-01-01
"1721",2004,"Arizona","Export Within System","Lower Basin","Yes",1773230,1.77323,2004-01-01
"1722",2004,"Arizona","Import","Upper Basin","Yes",0,0,2004-01-01
"1723",2004,"Arizona","Mineral","Upper Basin","Yes",0,0,2004-01-01
"1724",2004,"Arizona","Municipal and Industrial","Lower Basin","Yes",40107,0.040107,2004-01-01
"1725",2004,"Arizona","Municipal and Industrial","Upper Basin","Yes",4858.33553801439,0.00485833553801439,2004-01-01
"1726",2004,"Arizona","Power","Lower Basin","Yes",0,0,2004-01-01
"1727",2004,"Arizona","Power","Upper Basin","Yes",27637,0.027637,2004-01-01
"1728",2004,"Arizona","Reservoir Evaporation","Upper Basin","Yes",3639.49473077534,0.00363949473077534,2004-01-01
"1729",2004,"California","Agriculture","Lower Basin","Yes",502323,0.502323,2004-01-01
"1730",2004,"California","Export","Lower Basin","Yes",3938875,3.938875,2004-01-01
"1731",2004,"California","Export Within System","Lower Basin","Yes",0,0,2004-01-01
"1732",2004,"California","Municipal and Industrial","Lower Basin","Yes",3563,0.003563,2004-01-01
"1733",2004,"California","Power","Lower Basin","Yes",0,0,2004-01-01
"1734",2004,"Colorado","Agriculture","Upper Basin","Yes",1281026.86456612,1.28102686456612,2004-01-01
"1735",2004,"Colorado","Export","Upper Basin","Yes",733189.22,0.73318922,2004-01-01
"1736",2004,"Colorado","Import","Upper Basin","Yes",-217023.78,-0.21702378,2004-01-01
"1737",2004,"Colorado","Mineral","Upper Basin","Yes",1997.98914986618,0.00199798914986618,2004-01-01
"1738",2004,"Colorado","Municipal and Industrial","Upper Basin","Yes",35617.5087676471,0.0356175087676471,2004-01-01
"1739",2004,"Colorado","Power","Upper Basin","Yes",19527.52,0.01952752,2004-01-01
"1740",2004,"Colorado","Reservoir Evaporation","Upper Basin","Yes",93903.7094601194,0.0939037094601194,2004-01-01
"1741",2004,"Lake Powell","Reservoir Evaporation","Upper Basin","Yes",323824.3718832,0.3238243718832,2004-01-01
"1742",2004,"Lower Basin Reservoirs","Reservoir Evaporation","Lower Basin","No",902185,0.902185,2004-01-01
"1743",2004,"Mexico","Mexico Deliveries","Mexico","Yes",1643276,1.643276,2004-01-01
"1744",2004,"Nevada","Agriculture","Lower Basin","Yes",2564,0.002564,2004-01-01
"1745",2004,"Nevada","Export","Lower Basin","Yes",0,0,2004-01-01
"1746",2004,"Nevada","Export Within System","Lower Basin","Yes",0,0,2004-01-01
"1747",2004,"Nevada","Municipal and Industrial","Lower Basin","Yes",260357,0.260357,2004-01-01
"1748",2004,"Nevada","Power","Lower Basin","Yes",12203,0.012203,2004-01-01
"1749",2004,"New Mexico","Agriculture","Upper Basin","Yes",210990.61992457,0.21099061992457,2004-01-01
"1750",2004,"New Mexico","Export","Upper Basin","Yes",77180,0.07718,2004-01-01
"1751",2004,"New Mexico","Mineral","Upper Basin","Yes",119.052307692308,0.000119052307692308,2004-01-01
"1752",2004,"New Mexico","Municipal and Industrial","Upper Basin","Yes",11895.8817723106,0.0118958817723106,2004-01-01
"1753",2004,"New Mexico","Power","Upper Basin","Yes",47124.22,0.04712422,2004-01-01
"1754",2004,"New Mexico","Reservoir Evaporation","Upper Basin","Yes",20996.6481777778,0.0209966481777778,2004-01-01
"1755",2004,"Utah","Agriculture","Upper Basin","Yes",620010.341263644,0.620010341263644,2004-01-01
"1756",2004,"Utah","Export","Upper Basin","Yes",137993.925766146,0.137993925766146,2004-01-01
"1757",2004,"Utah","Import","Upper Basin","Yes",-2383.33884297521,-0.00238333884297521,2004-01-01
"1758",2004,"Utah","Mineral","Upper Basin","Yes",1102.04868861127,0.00110204868861127,2004-01-01
"1759",2004,"Utah","Municipal and Industrial","Upper Basin","Yes",12125.1634550765,0.0121251634550765,2004-01-01
"1760",2004,"Utah","Power","Upper Basin","Yes",37569.5811952933,0.0375695811952933,2004-01-01
"1761",2004,"Utah","Reservoir Evaporation","Upper Basin","Yes",145601.78983459,0.14560178983459,2004-01-01
"1762",2004,"Wyoming","Agriculture","Upper Basin","Yes",421637.956273361,0.421637956273361,2004-01-01
"1763",2004,"Wyoming","Export","Upper Basin","Yes",15954.5766,0.0159545766,2004-01-01
"1764",2004,"Wyoming","Import","Upper Basin","Yes",0,0,2004-01-01
"1765",2004,"Wyoming","Mineral","Upper Basin","Yes",911.744341737603,0.000911744341737603,2004-01-01
"1766",2004,"Wyoming","Municipal and Industrial","Upper Basin","Yes",5490.09268434874,0.00549009268434874,2004-01-01
"1767",2004,"Wyoming","Power","Upper Basin","Yes",36808.08,0.03680808,2004-01-01
"1768",2004,"Wyoming","Reservoir Evaporation","Upper Basin","Yes",33997.2188764694,0.0339972188764694,2004-01-01
"1769",2005,"Arizona","Agriculture","Lower Basin","Yes",1008534,1.008534,2005-01-01
"1770",2005,"Arizona","Agriculture","Upper Basin","Yes",2013.65148604559,0.0020136514860456,2005-01-01
"1771",2005,"Arizona","Export","Lower Basin","Yes",0,0,2005-01-01
"1772",2005,"Arizona","Export","Upper Basin","Yes",0,0,2005-01-01
"1773",2005,"Arizona","Export Within System","Lower Basin","Yes",1319832,1.319832,2005-01-01
"1774",2005,"Arizona","Import","Upper Basin","Yes",0,0,2005-01-01
"1775",2005,"Arizona","Mineral","Upper Basin","Yes",0,0,2005-01-01
"1776",2005,"Arizona","Municipal and Industrial","Lower Basin","Yes",36391,0.036391,2005-01-01
"1777",2005,"Arizona","Municipal and Industrial","Upper Basin","Yes",4994.53611927867,0.00499453611927867,2005-01-01
"1778",2005,"Arizona","Power","Lower Basin","Yes",0,0,2005-01-01
"1779",2005,"Arizona","Power","Upper Basin","Yes",25879,0.025879,2005-01-01
"1780",2005,"Arizona","Reservoir Evaporation","Upper Basin","Yes",3534.69302601223,0.00353469302601223,2005-01-01
"1781",2005,"California","Agriculture","Lower Basin","Yes",367430,0.36743,2005-01-01
"1782",2005,"California","Export","Lower Basin","Yes",3832370,3.83237,2005-01-01
"1783",2005,"California","Export Within System","Lower Basin","Yes",0,0,2005-01-01
"1784",2005,"California","Municipal and Industrial","Lower Basin","Yes",3553,0.003553,2005-01-01
"1785",2005,"California","Power","Lower Basin","Yes",0,0,2005-01-01
"1786",2005,"Colorado","Agriculture","Upper Basin","Yes",1211255.42413736,1.21125542413736,2005-01-01
"1787",2005,"Colorado","Export","Upper Basin","Yes",668373.96,0.66837396,2005-01-01
"1788",2005,"Colorado","Import","Upper Basin","Yes",-210787.06,-0.21078706,2005-01-01
"1789",2005,"Colorado","Mineral","Upper Basin","Yes",1463.59793803381,0.00146359793803381,2005-01-01
"1790",2005,"Colorado","Municipal and Industrial","Upper Basin","Yes",33854.7047186235,0.0338547047186235,2005-01-01
"1791",2005,"Colorado","Power","Upper Basin","Yes",19325.88,0.01932588,2005-01-01
"1792",2005,"Colorado","Reservoir Evaporation","Upper Basin","Yes",92696.0935588359,0.0926960935588359,2005-01-01
"1793",2005,"Lake Powell","Reservoir Evaporation","Upper Basin","Yes",323978.9192073,0.3239789192073,2005-01-01
"1794",2005,"Lower Basin Reservoirs","Reservoir Evaporation","Lower Basin","No",808781,0.808781,2005-01-01
"1795",2005,"Mexico","Mexico Deliveries","Mexico","Yes",1756361,1.756361,2005-01-01
"1796",2005,"Nevada","Agriculture","Lower Basin","Yes",3595,0.003595,2005-01-01
"1797",2005,"Nevada","Export","Lower Basin","Yes",0,0,2005-01-01
"1798",2005,"Nevada","Export Within System","Lower Basin","Yes",0,0,2005-01-01
"1799",2005,"Nevada","Municipal and Industrial","Lower Basin","Yes",248927,0.248927,2005-01-01
"1800",2005,"Nevada","Power","Lower Basin","Yes",12241,0.012241,2005-01-01
"1801",2005,"New Mexico","Agriculture","Upper Basin","Yes",197170.286163622,0.197170286163622,2005-01-01
"1802",2005,"New Mexico","Export","Upper Basin","Yes",145278.4,0.1452784,2005-01-01
"1803",2005,"New Mexico","Mineral","Upper Basin","Yes",110.821538461538,0.000110821538461538,2005-01-01
"1804",2005,"New Mexico","Municipal and Industrial","Upper Basin","Yes",12174.0187481234,0.0121740187481234,2005-01-01
"1805",2005,"New Mexico","Power","Upper Basin","Yes",52731.22,0.05273122,2005-01-01
"1806",2005,"New Mexico","Reservoir Evaporation","Upper Basin","Yes",29296.5281777778,0.0292965281777778,2005-01-01
"1807",2005,"Utah","Agriculture","Upper Basin","Yes",652593.505675549,0.652593505675549,2005-01-01
"1808",2005,"Utah","Export","Upper Basin","Yes",195090.080165,0.195090080165,2005-01-01
"1809",2005,"Utah","Import","Upper Basin","Yes",-5189.11532555272,-0.00518911532555272,2005-01-01
"1810",2005,"Utah","Mineral","Upper Basin","Yes",771.643462437176,0.000771643462437176,2005-01-01
"1811",2005,"Utah","Municipal and Industrial","Upper Basin","Yes",12144.8951548582,0.0121448951548582,2005-01-01
"1812",2005,"Utah","Power","Upper Basin","Yes",36233.4966983635,0.0362334966983635,2005-01-01
"1813",2005,"Utah","Reservoir Evaporation","Upper Basin","Yes",152660.529074771,0.152660529074771,2005-01-01
"1814",2005,"Wyoming","Agriculture","Upper Basin","Yes",488930.18558589,0.48893018558589,2005-01-01
"1815",2005,"Wyoming","Export","Upper Basin","Yes",23273.314,0.023273314,2005-01-01
"1816",2005,"Wyoming","Import","Upper Basin","Yes",0,0,2005-01-01
"1817",2005,"Wyoming","Mineral","Upper Basin","Yes",863.257707454167,0.000863257707454167,2005-01-01
"1818",2005,"Wyoming","Municipal and Industrial","Upper Basin","Yes",5530.16727357023,0.00553016727357023,2005-01-01
"1819",2005,"Wyoming","Power","Upper Basin","Yes",37117.67,0.03711767,2005-01-01
"1820",2005,"Wyoming","Reservoir Evaporation","Upper Basin","Yes",33306.0809130639,0.0333060809130639,2005-01-01
"1821",2006,"Arizona","Agriculture","Lower Basin","Yes",1126470,1.12647,2006-01-01
"1822",2006,"Arizona","Agriculture","Upper Basin","Yes",1119.48008793243,0.00111948008793243,2006-01-01
"1823",2006,"Arizona","Export","Lower Basin","Yes",0,0,2006-01-01
"1824",2006,"Arizona","Export","Upper Basin","Yes",0,0,2006-01-01
"1825",2006,"Arizona","Export Within System","Lower Basin","Yes",1526473,1.526473,2006-01-01
"1826",2006,"Arizona","Import","Upper Basin","Yes",0,0,2006-01-01
"1827",2006,"Arizona","Mineral","Upper Basin","Yes",0,0,2006-01-01
"1828",2006,"Arizona","Municipal and Industrial","Lower Basin","Yes",39206,0.039206,2006-01-01
"1829",2006,"Arizona","Municipal and Industrial","Upper Basin","Yes",4940.74787582527,0.00494074787582527,2006-01-01
"1830",2006,"Arizona","Power","Lower Basin","Yes",0,0,2006-01-01
"1831",2006,"Arizona","Power","Upper Basin","Yes",28151,0.028151,2006-01-01
"1832",2006,"Arizona","Reservoir Evaporation","Upper Basin","Yes",3639.25611208829,0.00363925611208829,2006-01-01
"1833",2006,"California","Agriculture","Lower Basin","Yes",417243,0.417243,2006-01-01
"1834",2006,"California","Export","Lower Basin","Yes",4017450,4.01745,2006-01-01
"1835",2006,"California","Export Within System","Lower Basin","Yes",0,0,2006-01-01
"1836",2006,"California","Municipal and Industrial","Lower Basin","Yes",2885,0.002885,2006-01-01
"1837",2006,"California","Power","Lower Basin","Yes",0,0,2006-01-01
"1838",2006,"Colorado","Agriculture","Upper Basin","Yes",1183423.97322502,1.18342397322502,2006-01-01
"1839",2006,"Colorado","Export","Upper Basin","Yes",882691.24,0.88269124,2006-01-01
"1840",2006,"Colorado","Import","Upper Basin","Yes",-215948.74,-0.21594874,2006-01-01
"1841",2006,"Colorado","Mineral","Upper Basin","Yes",1458.09559271526,0.00145809559271526,2006-01-01
"1842",2006,"Colorado","Municipal and Industrial","Upper Basin","Yes",35039.7364431804,0.0350397364431804,2006-01-01
"1843",2006,"Colorado","Power","Upper Basin","Yes",17077.364,0.017077364,2006-01-01
"1844",2006,"Colorado","Reservoir Evaporation","Upper Basin","Yes",97764.0238692398,0.0977640238692398,2006-01-01
"1845",2006,"Lake Powell","Reservoir Evaporation","Upper Basin","Yes",362977.8388464,0.3629778388464,2006-01-01
"1846",2006,"Lower Basin Reservoirs","Reservoir Evaporation","Lower Basin","No",920183,0.920183,2006-01-01
"1847",2006,"Mexico","Mexico Deliveries","Mexico","Yes",1654773,1.654773,2006-01-01
"1848",2006,"Nevada","Agriculture","Lower Basin","Yes",3515,0.003515,2006-01-01
"1849",2006,"Nevada","Export","Lower Basin","Yes",0,0,2006-01-01
"1850",2006,"Nevada","Export Within System","Lower Basin","Yes",0,0,2006-01-01
"1851",2006,"Nevada","Municipal and Industrial","Lower Basin","Yes",273556,0.273556,2006-01-01
"1852",2006,"Nevada","Power","Lower Basin","Yes",4238,0.004238,2006-01-01
"1853",2006,"New Mexico","Agriculture","Upper Basin","Yes",213610.514243818,0.213610514243818,2006-01-01
"1854",2006,"New Mexico","Export","Upper Basin","Yes",68464,0.068464,2006-01-01
"1855",2006,"New Mexico","Mineral","Upper Basin","Yes",114.402236233712,0.000114402236233712,2006-01-01
"1856",2006,"New Mexico","Municipal and Industrial","Upper Basin","Yes",12033.2859446824,0.0120332859446824,2006-01-01
"1857",2006,"New Mexico","Power","Upper Basin","Yes",49806.6951330816,0.0498066951330816,2006-01-01
"1858",2006,"New Mexico","Reservoir Evaporation","Upper Basin","Yes",30972.7712436658,0.0309727712436658,2006-01-01
"1859",2006,"Utah","Agriculture","Upper Basin","Yes",640921.125842907,0.640921125842907,2006-01-01
"1860",2006,"Utah","Export","Upper Basin","Yes",116597.553044867,0.116597553044867,2006-01-01
"1861",2006,"Utah","Import","Upper Basin","Yes",-5061.91151689459,-0.00506191151689459,2006-01-01
"1862",2006,"Utah","Mineral","Upper Basin","Yes",716.993762501722,0.000716993762501722,2006-01-01
"1863",2006,"Utah","Municipal and Industrial","Upper Basin","Yes",12630.8003914876,0.0126308003914876,2006-01-01
"1864",2006,"Utah","Power","Upper Basin","Yes",37080.5869063433,0.0370805869063433,2006-01-01
"1865",2006,"Utah","Reservoir Evaporation","Upper Basin","Yes",158248.470296018,0.158248470296018,2006-01-01
"1866",2006,"Wyoming","Agriculture","Upper Basin","Yes",507025.900939617,0.507025900939617,2006-01-01
"1867",2006,"Wyoming","Export","Upper Basin","Yes",19637.3637,0.0196373637,2006-01-01
"1868",2006,"Wyoming","Import","Upper Basin","Yes",0,0,2006-01-01
"1869",2006,"Wyoming","Mineral","Upper Basin","Yes",809.58000579635,0.00080958000579635,2006-01-01
"1870",2006,"Wyoming","Municipal and Industrial","Upper Basin","Yes",5847.57702912048,0.00584757702912048,2006-01-01
"1871",2006,"Wyoming","Power","Upper Basin","Yes",39581.52,0.03958152,2006-01-01
"1872",2006,"Wyoming","Reservoir Evaporation","Upper Basin","Yes",33838.1424706487,0.0338381424706487,2006-01-01
"1873",2007,"Arizona","Agriculture","Lower Basin","Yes",1154786,1.154786,2007-01-01
"1874",2007,"Arizona","Agriculture","Upper Basin","Yes",1699.30645446917,0.00169930645446917,2007-01-01
"1875",2007,"Arizona","Export","Lower Basin","Yes",0,0,2007-01-01
"1876",2007,"Arizona","Export","Upper Basin","Yes",0,0,2007-01-01
"1877",2007,"Arizona","Export Within System","Lower Basin","Yes",1635032,1.635032,2007-01-01
"1878",2007,"Arizona","Import","Upper Basin","Yes",0,0,2007-01-01
"1879",2007,"Arizona","Mineral","Upper Basin","Yes",0,0,2007-01-01
"1880",2007,"Arizona","Municipal and Industrial","Lower Basin","Yes",36818,0.036818,2007-01-01
"1881",2007,"Arizona","Municipal and Industrial","Upper Basin","Yes",3750.82552108606,0.00375082552108606,2007-01-01
"1882",2007,"Arizona","Power","Lower Basin","Yes",0,0,2007-01-01
"1883",2007,"Arizona","Power","Upper Basin","Yes",26423,0.026423,2007-01-01
"1884",2007,"Arizona","Reservoir Evaporation","Upper Basin","Yes",3538.20135197416,0.00353820135197416,2007-01-01
"1885",2007,"California","Agriculture","Lower Basin","Yes",451852,0.451852,2007-01-01
"1886",2007,"California","Export","Lower Basin","Yes",3981210,3.98121,2007-01-01
"1887",2007,"California","Export Within System","Lower Basin","Yes",0,0,2007-01-01
"1888",2007,"California","Municipal and Industrial","Lower Basin","Yes",3190,0.00319,2007-01-01
"1889",2007,"California","Power","Lower Basin","Yes",0,0,2007-01-01
"1890",2007,"Colorado","Agriculture","Upper Basin","Yes",1231870.61499096,1.23187061499096,2007-01-01
"1891",2007,"Colorado","Export","Upper Basin","Yes",718715.904,0.718715904,2007-01-01
"1892",2007,"Colorado","Import","Upper Basin","Yes",-226469.314,-0.226469314,2007-01-01
"1893",2007,"Colorado","Mineral","Upper Basin","Yes",1619.61078419055,0.00161961078419055,2007-01-01
"1894",2007,"Colorado","Municipal and Industrial","Upper Basin","Yes",36884.7863279331,0.0368847863279331,2007-01-01
"1895",2007,"Colorado","Power","Upper Basin","Yes",18992.58,0.01899258,2007-01-01
"1896",2007,"Colorado","Reservoir Evaporation","Upper Basin","Yes",99964.4482519258,0.0999644482519258,2007-01-01
"1897",2007,"Lake Powell","Reservoir Evaporation","Upper Basin","Yes",371127.0169226,0.3711270169226,2007-01-01
"1898",2007,"Lower Basin Reservoirs","Reservoir Evaporation","Lower Basin","No",880348,0.880348,2007-01-01
"1899",2007,"Mexico","Mexico Deliveries","Mexico","Yes",1619707,1.619707,2007-01-01
"1900",2007,"Nevada","Agriculture","Lower Basin","Yes",2753,0.002753,2007-01-01
"1901",2007,"Nevada","Export","Lower Basin","Yes",0,0,2007-01-01
"1902",2007,"Nevada","Export Within System","Lower Basin","Yes",0,0,2007-01-01
"1903",2007,"Nevada","Municipal and Industrial","Lower Basin","Yes",279279,0.279279,2007-01-01
"1904",2007,"Nevada","Power","Lower Basin","Yes",390,0.00039,2007-01-01
"1905",2007,"New Mexico","Agriculture","Upper Basin","Yes",192678.132433431,0.192678132433431,2007-01-01
"1906",2007,"New Mexico","Export","Upper Basin","Yes",112223.1,0.1122231,2007-01-01
"1907",2007,"New Mexico","Mineral","Upper Basin","Yes",121.712870954182,0.000121712870954182,2007-01-01
"1908",2007,"New Mexico","Municipal and Industrial","Upper Basin","Yes",11871.3902712913,0.0118713902712913,2007-01-01
"1909",2007,"New Mexico","Power","Upper Basin","Yes",46817.256501474,0.046817256501474,2007-01-01
"1910",2007,"New Mexico","Reservoir Evaporation","Upper Basin","Yes",32436.5906424898,0.0324365906424898,2007-01-01
"1911",2007,"Utah","Agriculture","Upper Basin","Yes",640749.375922979,0.640749375922979,2007-01-01
"1912",2007,"Utah","Export","Upper Basin","Yes",141188.056261369,0.141188056261369,2007-01-01
"1913",2007,"Utah","Import","Upper Basin","Yes",-4503.42213034262,-0.00450342213034262,2007-01-01
"1914",2007,"Utah","Mineral","Upper Basin","Yes",749.424755062681,0.000749424755062681,2007-01-01
"1915",2007,"Utah","Municipal and Industrial","Upper Basin","Yes",13358.0047312809,0.0133580047312809,2007-01-01
"1916",2007,"Utah","Power","Upper Basin","Yes",37266.6444,0.0372666444,2007-01-01
"1917",2007,"Utah","Reservoir Evaporation","Upper Basin","Yes",155166.153901519,0.155166153901519,2007-01-01
"1918",2007,"Wyoming","Agriculture","Upper Basin","Yes",497385.243536688,0.497385243536688,2007-01-01
"1919",2007,"Wyoming","Export","Upper Basin","Yes",15160.734435,0.015160734435,2007-01-01
"1920",2007,"Wyoming","Import","Upper Basin","Yes",0,0,2007-01-01
"1921",2007,"Wyoming","Mineral","Upper Basin","Yes",754.263019704519,0.000754263019704519,2007-01-01
"1922",2007,"Wyoming","Municipal and Industrial","Upper Basin","Yes",6335.71373173155,0.00633571373173155,2007-01-01
"1923",2007,"Wyoming","Power","Upper Basin","Yes",36779.52,0.03677952,2007-01-01
"1924",2007,"Wyoming","Reservoir Evaporation","Upper Basin","Yes",31865.8143106092,0.0318658143106092,2007-01-01
"1925",2008,"Arizona","Agriculture","Lower Basin","Yes",1175518,1.175518,2008-01-01
"1926",2008,"Arizona","Agriculture","Upper Basin","Yes",1431.65716272737,0.00143165716272737,2008-01-01
"1927",2008,"Arizona","Export","Lower Basin","Yes",0,0,2008-01-01
"1928",2008,"Arizona","Export","Upper Basin","Yes",0,0,2008-01-01
"1929",2008,"Arizona","Export Within System","Lower Basin","Yes",1622554,1.622554,2008-01-01
"1930",2008,"Arizona","Import","Upper Basin","Yes",0,0,2008-01-01
"1931",2008,"Arizona","Mineral","Upper Basin","Yes",0,0,2008-01-01
"1932",2008,"Arizona","Municipal and Industrial","Lower Basin","Yes",37951,0.037951,2008-01-01
"1933",2008,"Arizona","Municipal and Industrial","Upper Basin","Yes",3627.4624385808,0.0036274624385808,2008-01-01
"1934",2008,"Arizona","Power","Lower Basin","Yes",0,0,2008-01-01
"1935",2008,"Arizona","Power","Upper Basin","Yes",26995,0.026995,2008-01-01
"1936",2008,"Arizona","Reservoir Evaporation","Upper Basin","Yes",3474.11380047982,0.00347411380047982,2008-01-01
"1937",2008,"California","Agriculture","Lower Basin","Yes",437476,0.437476,2008-01-01
"1938",2008,"California","Export","Lower Basin","Yes",3947884,3.947884,2008-01-01
"1939",2008,"California","Export Within System","Lower Basin","Yes",0,0,2008-01-01
"1940",2008,"California","Municipal and Industrial","Lower Basin","Yes",3013,0.003013,2008-01-01
"1941",2008,"California","Power","Lower Basin","Yes",0,0,2008-01-01
"1942",2008,"Colorado","Agriculture","Upper Basin","Yes",1295421.96954569,1.29542196954569,2008-01-01
"1943",2008,"Colorado","Export","Upper Basin","Yes",907301.91,0.90730191,2008-01-01
"1944",2008,"Colorado","Import","Upper Basin","Yes",-242199.68,-0.24219968,2008-01-01
"1945",2008,"Colorado","Mineral","Upper Basin","Yes",1781.12597566583,0.00178112597566583,2008-01-01
"1946",2008,"Colorado","Municipal and Industrial","Upper Basin","Yes",38709.2559000958,0.0387092559000958,2008-01-01
"1947",2008,"Colorado","Power","Upper Basin","Yes",19550.98,0.01955098,2008-01-01
"1948",2008,"Colorado","Reservoir Evaporation","Upper Basin","Yes",96686.0166968569,0.0966860166968569,2008-01-01
"1949",2008,"Lake Powell","Reservoir Evaporation","Upper Basin","Yes",395639.1859127,0.3956391859127,2008-01-01
"1950",2008,"Lower Basin Reservoirs","Reservoir Evaporation","Lower Basin","No",857227,0.857227,2008-01-01
"1951",2008,"Mexico","Mexico Deliveries","Mexico","Yes",1673419,1.673419,2008-01-01
"1952",2008,"Nevada","Agriculture","Lower Basin","Yes",3990,0.00399,2008-01-01
"1953",2008,"Nevada","Export","Lower Basin","Yes",0,0,2008-01-01
"1954",2008,"Nevada","Export Within System","Lower Basin","Yes",0,0,2008-01-01
"1955",2008,"Nevada","Municipal and Industrial","Lower Basin","Yes",262589,0.262589,2008-01-01
"1956",2008,"Nevada","Power","Lower Basin","Yes",493,0.000493,2008-01-01
"1957",2008,"New Mexico","Agriculture","Upper Basin","Yes",218277.939292145,0.218277939292145,2008-01-01
"1958",2008,"New Mexico","Export","Upper Basin","Yes",133702,0.133702,2008-01-01
"1959",2008,"New Mexico","Mineral","Upper Basin","Yes",129.023505674653,0.000129023505674653,2008-01-01
"1960",2008,"New Mexico","Municipal and Industrial","Upper Basin","Yes",11694.8983400905,0.0116948983400905,2008-01-01
"1961",2008,"New Mexico","Power","Upper Basin","Yes",45932.1177374803,0.0459321177374803,2008-01-01
"1962",2008,"New Mexico","Reservoir Evaporation","Upper Basin","Yes",29130.4124877778,0.0291304124877778,2008-01-01
"1963",2008,"Utah","Agriculture","Upper Basin","Yes",596494.588493034,0.596494588493034,2008-01-01
"1964",2008,"Utah","Export","Upper Basin","Yes",125556.02666248,0.12555602666248,2008-01-01
"1965",2008,"Utah","Import","Upper Basin","Yes",-5268.57006719618,-0.00526857006719618,2008-01-01
"1966",2008,"Utah","Mineral","Upper Basin","Yes",781.85574762364,0.000781855747623639,2008-01-01
"1967",2008,"Utah","Municipal and Industrial","Upper Basin","Yes",14089.9515372194,0.0140899515372194,2008-01-01
"1968",2008,"Utah","Power","Upper Basin","Yes",38244.1644,0.0382441644,2008-01-01
"1969",2008,"Utah","Reservoir Evaporation","Upper Basin","Yes",155972.05461598,0.15597205461598,2008-01-01
"1970",2008,"Wyoming","Agriculture","Upper Basin","Yes",489723.5209641,0.4897235209641,2008-01-01
"1971",2008,"Wyoming","Export","Upper Basin","Yes",22102.5,0.0221025,2008-01-01
"1972",2008,"Wyoming","Import","Upper Basin","Yes",0,0,2008-01-01
"1973",2008,"Wyoming","Mineral","Upper Basin","Yes",698.946033612687,0.000698946033612687,2008-01-01
"1974",2008,"Wyoming","Municipal and Industrial","Upper Basin","Yes",6778.48385527194,0.00677848385527194,2008-01-01
"1975",2008,"Wyoming","Power","Upper Basin","Yes",37027.6193503927,0.0370276193503928,2008-01-01
"1976",2008,"Wyoming","Reservoir Evaporation","Upper Basin","Yes",32252.8026606976,0.0322528026606976,2008-01-01
"1977",2009,"Arizona","Agriculture","Lower Basin","Yes",1101155,1.101155,2009-01-01
"1978",2009,"Arizona","Agriculture","Upper Basin","Yes",1278.19713755684,0.00127819713755684,2009-01-01
"1979",2009,"Arizona","Export","Lower Basin","Yes",0,0,2009-01-01
"1980",2009,"Arizona","Export","Upper Basin","Yes",0,0,2009-01-01
"1981",2009,"Arizona","Export Within System","Lower Basin","Yes",1601846,1.601846,2009-01-01
"1982",2009,"Arizona","Import","Upper Basin","Yes",0,0,2009-01-01
"1983",2009,"Arizona","Mineral","Upper Basin","Yes",0,0,2009-01-01
"1984",2009,"Arizona","Municipal and Industrial","Lower Basin","Yes",37984,0.037984,2009-01-01
"1985",2009,"Arizona","Municipal and Industrial","Upper Basin","Yes",4097.27157093586,0.00409727157093586,2009-01-01
"1986",2009,"Arizona","Power","Lower Basin","Yes",0,0,2009-01-01
"1987",2009,"Arizona","Power","Upper Basin","Yes",26081,0.026081,2009-01-01
"1988",2009,"Arizona","Reservoir Evaporation","Upper Basin","Yes",3716.98539228909,0.00371698539228909,2009-01-01
"1989",2009,"California","Agriculture","Lower Basin","Yes",356912,0.356912,2009-01-01
"1990",2009,"California","Export","Lower Basin","Yes",3957591,3.957591,2009-01-01
"1991",2009,"California","Export Within System","Lower Basin","Yes",0,0,2009-01-01
"1992",2009,"California","Municipal and Industrial","Lower Basin","Yes",2857,0.002857,2009-01-01
"1993",2009,"California","Power","Lower Basin","Yes",0,0,2009-01-01
"1994",2009,"Colorado","Agriculture","Upper Basin","Yes",1376852.39161924,1.37685239161924,2009-01-01
"1995",2009,"Colorado","Export","Upper Basin","Yes",784666.464,0.784666464,2009-01-01
"1996",2009,"Colorado","Import","Upper Basin","Yes",-205742.784,-0.205742784,2009-01-01
"1997",2009,"Colorado","Mineral","Upper Basin","Yes",1942.64116714112,0.00194264116714112,2009-01-01
"1998",2009,"Colorado","Municipal and Industrial","Upper Basin","Yes",40482.9829705267,0.0404829829705267,2009-01-01
"1999",2009,"Colorado","Power","Upper Basin","Yes",19008.54,0.01900854,2009-01-01
"2000",2009,"Colorado","Reservoir Evaporation","Upper Basin","Yes",97921.329018973,0.097921329018973,2009-01-01
"2001",2009,"Lake Powell","Reservoir Evaporation","Upper Basin","Yes",437297.8718257,0.4372978718257,2009-01-01
"2002",2009,"Lower Basin Reservoirs","Reservoir Evaporation","Lower Basin","No",835035,0.835035,2009-01-01
"2003",2009,"Mexico","Mexico Deliveries","Mexico","Yes",1706675,1.706675,2009-01-01
"2004",2009,"Nevada","Agriculture","Lower Basin","Yes",3269,0.003269,2009-01-01
"2005",2009,"Nevada","Export","Lower Basin","Yes",0,0,2009-01-01
"2006",2009,"Nevada","Export Within System","Lower Basin","Yes",0,0,2009-01-01
"2007",2009,"Nevada","Municipal and Industrial","Lower Basin","Yes",245007,0.245007,2009-01-01
"2008",2009,"Nevada","Power","Lower Basin","Yes",519,0.000519,2009-01-01
"2009",2009,"New Mexico","Agriculture","Upper Basin","Yes",225806.441800452,0.225806441800452,2009-01-01
"2010",2009,"New Mexico","Export","Upper Basin","Yes",99911,0.099911,2009-01-01
"2011",2009,"New Mexico","Mineral","Upper Basin","Yes",136.334140395124,0.000136334140395124,2009-01-01
"2012",2009,"New Mexico","Municipal and Industrial","Upper Basin","Yes",11630.103883926,0.011630103883926,2009-01-01
"2013",2009,"New Mexico","Power","Upper Basin","Yes",47545.8377099283,0.0475458377099283,2009-01-01
"2014",2009,"New Mexico","Reservoir Evaporation","Upper Basin","Yes",29027.8463527778,0.0290278463527778,2009-01-01
"2015",2009,"Utah","Agriculture","Upper Basin","Yes",624711.198240872,0.624711198240872,2009-01-01
"2016",2009,"Utah","Export","Upper Basin","Yes",131154.245494,0.131154245494,2009-01-01
"2017",2009,"Utah","Import","Upper Basin","Yes",-4322.23769866604,-0.00432223769866604,2009-01-01
"2018",2009,"Utah","Mineral","Upper Basin","Yes",814.286740184599,0.000814286740184599,2009-01-01
"2019",2009,"Utah","Municipal and Industrial","Upper Basin","Yes",14971.4145314328,0.0149714145314328,2009-01-01
"2020",2009,"Utah","Power","Upper Basin","Yes",36542.9544,0.0365429544,2009-01-01
"2021",2009,"Utah","Reservoir Evaporation","Upper Basin","Yes",162865.010103054,0.162865010103054,2009-01-01
"2022",2009,"Wyoming","Agriculture","Upper Basin","Yes",444697.024118416,0.444697024118416,2009-01-01
"2023",2009,"Wyoming","Export","Upper Basin","Yes",13058.4,0.0130584,2009-01-01
"2024",2009,"Wyoming","Import","Upper Basin","Yes",0,0,2009-01-01
"2025",2009,"Wyoming","Mineral","Upper Basin","Yes",643.629047520855,0.000643629047520855,2009-01-01
"2026",2009,"Wyoming","Municipal and Industrial","Upper Basin","Yes",7288.3563947599,0.0072883563947599,2009-01-01
"2027",2009,"Wyoming","Power","Upper Basin","Yes",36877.7504667534,0.0368777504667534,2009-01-01
"2028",2009,"Wyoming","Reservoir Evaporation","Upper Basin","Yes",33559.0803462838,0.0335590803462838,2009-01-01
"2029",2010,"Arizona","Agriculture","Lower Basin","Yes",1095381,1.095381,2010-01-01
"2030",2010,"Arizona","Agriculture","Upper Basin","Yes",1728.42635044503,0.00172842635044503,2010-01-01
"2031",2010,"Arizona","Export","Lower Basin","Yes",0,0,2010-01-01
"2032",2010,"Arizona","Export","Upper Basin","Yes",0,0,2010-01-01
"2033",2010,"Arizona","Export Within System","Lower Basin","Yes",1572288,1.572288,2010-01-01
"2034",2010,"Arizona","Import","Upper Basin","Yes",0,0,2010-01-01
"2035",2010,"Arizona","Mineral","Upper Basin","Yes",0,0,2010-01-01
"2036",2010,"Arizona","Municipal and Industrial","Lower Basin","Yes",34740,0.03474,2010-01-01
"2037",2010,"Arizona","Municipal and Industrial","Upper Basin","Yes",5058.5182803758,0.0050585182803758,2010-01-01
"2038",2010,"Arizona","Power","Lower Basin","Yes",0,0,2010-01-01
"2039",2010,"Arizona","Power","Upper Basin","Yes",23503,0.023503,2010-01-01
"2040",2010,"Arizona","Reservoir Evaporation","Upper Basin","Yes",3356.47632483035,0.00335647632483035,2010-01-01
"2041",2010,"California","Agriculture","Lower Basin","Yes",319653,0.319653,2010-01-01
"2042",2010,"California","Export","Lower Basin","Yes",3941181,3.941181,2010-01-01
"2043",2010,"California","Export Within System","Lower Basin","Yes",0,0,2010-01-01
"2044",2010,"California","Municipal and Industrial","Lower Basin","Yes",2809,0.002809,2010-01-01
"2045",2010,"California","Power","Lower Basin","Yes",0,0,2010-01-01
"2046",2010,"Colorado","Agriculture","Upper Basin","Yes",1270988.32976952,1.27098832976952,2010-01-01
"2047",2010,"Colorado","Export","Upper Basin","Yes",688366.295252893,0.688366295252893,2010-01-01
"2048",2010,"Colorado","Import","Upper Basin","Yes",-229834.395252893,-0.229834395252893,2010-01-01
"2049",2010,"Colorado","Mineral","Upper Basin","Yes",2104.15635861641,0.00210415635861641,2010-01-01
"2050",2010,"Colorado","Municipal and Industrial","Upper Basin","Yes",41425.2162182176,0.0414252162182176,2010-01-01
"2051",2010,"Colorado","Power","Upper Basin","Yes",21849.34,0.02184934,2010-01-01
"2052",2010,"Colorado","Reservoir Evaporation","Upper Basin","Yes",100719.938258641,0.100719938258641,2010-01-01
"2053",2010,"Lake Powell","Reservoir Evaporation","Upper Basin","Yes",443544.9649689,0.4435449649689,2010-01-01
"2054",2010,"Lower Basin Reservoirs","Reservoir Evaporation","Lower Basin","No",783606,0.783606,2010-01-01
"2055",2010,"Mexico","Mexico Deliveries","Mexico","Yes",1728331,1.728331,2010-01-01
"2056",2010,"Nevada","Agriculture","Lower Basin","Yes",2835,0.002835,2010-01-01
"2057",2010,"Nevada","Export","Lower Basin","Yes",0,0,2010-01-01
"2058",2010,"Nevada","Export Within System","Lower Basin","Yes",0,0,2010-01-01
"2059",2010,"Nevada","Municipal and Industrial","Lower Basin","Yes",237369,0.237369,2010-01-01
"2060",2010,"Nevada","Power","Lower Basin","Yes",412,0.000412,2010-01-01
"2061",2010,"New Mexico","Agriculture","Upper Basin","Yes",205211.613262737,0.205211613262737,2010-01-01
"2062",2010,"New Mexico","Export","Upper Basin","Yes",85628,0.085628,2010-01-01
"2063",2010,"New Mexico","Mineral","Upper Basin","Yes",143.644775115595,0.000143644775115595,2010-01-01
"2064",2010,"New Mexico","Municipal and Industrial","Upper Basin","Yes",11460.0326620408,0.0114600326620408,2010-01-01
"2065",2010,"New Mexico","Power","Upper Basin","Yes",43860.7428456004,0.0438607428456004,2010-01-01
"2066",2010,"New Mexico","Reservoir Evaporation","Upper Basin","Yes",29643.9376627778,0.0296439376627778,2010-01-01
"2067",2010,"Utah","Agriculture","Upper Basin","Yes",707974.742545394,0.707974742545393,2010-01-01
"2068",2010,"Utah","Export","Upper Basin","Yes",138578.552001734,0.138578552001734,2010-01-01
"2069",2010,"Utah","Import","Upper Basin","Yes",-5264.70660380973,-0.00526470660380973,2010-01-01
"2070",2010,"Utah","Mineral","Upper Basin","Yes",846.717732745558,0.000846717732745558,2010-01-01
"2071",2010,"Utah","Municipal and Industrial","Upper Basin","Yes",15494.1679650099,0.0154941679650099,2010-01-01
"2072",2010,"Utah","Power","Upper Basin","Yes",38567.7324,0.0385677324,2010-01-01
"2073",2010,"Utah","Reservoir Evaporation","Upper Basin","Yes",166199.033113734,0.166199033113734,2010-01-01
"2074",2010,"Wyoming","Agriculture","Upper Basin","Yes",562990.612928864,0.562990612928864,2010-01-01
"2075",2010,"Wyoming","Export","Upper Basin","Yes",14141.5,0.0141415,2010-01-01
"2076",2010,"Wyoming","Import","Upper Basin","Yes",0,0,2010-01-01
"2077",2010,"Wyoming","Mineral","Upper Basin","Yes",588.312061429023,0.000588312061429023,2010-01-01
"2078",2010,"Wyoming","Municipal and Industrial","Upper Basin","Yes",7557.8326954195,0.0075578326954195,2010-01-01
"2079",2010,"Wyoming","Power","Upper Basin","Yes",38522.6396409286,0.0385226396409286,2010-01-01
"2080",2010,"Wyoming","Reservoir Evaporation","Upper Basin","Yes",32673.4638379144,0.0326734638379144,2010-01-01
"2081",2011,"Arizona","Agriculture","Lower Basin","Yes",1139877,1.139877,2011-01-01
"2082",2011,"Arizona","Agriculture","Upper Basin","Yes",1743.70730714642,0.00174370730714642,2011-01-01
"2083",2011,"Arizona","Export","Lower Basin","Yes",0,0,2011-01-01
"2084",2011,"Arizona","Export","Upper Basin","Yes",0,0,2011-01-01
"2085",2011,"Arizona","Export Within System","Lower Basin","Yes",1657102,1.657102,2011-01-01
"2086",2011,"Arizona","Import","Upper Basin","Yes",0,0,2011-01-01
"2087",2011,"Arizona","Mineral","Upper Basin","Yes",0,0,2011-01-01
"2088",2011,"Arizona","Municipal and Industrial","Lower Basin","Yes",37196,0.037196,2011-01-01
"2089",2011,"Arizona","Municipal and Industrial","Upper Basin","Yes",4659.16579988953,0.00465916579988953,2011-01-01
"2090",2011,"Arizona","Power","Lower Basin","Yes",0,0,2011-01-01
"2091",2011,"Arizona","Power","Upper Basin","Yes",24322,0.024322,2011-01-01
"2092",2011,"Arizona","Reservoir Evaporation","Upper Basin","Yes",3532.54468887277,0.00353254468887277,2011-01-01
"2093",2011,"California","Agriculture","Lower Basin","Yes",391092,0.391092,2011-01-01
"2094",2011,"California","Export","Lower Basin","Yes",4180644,4.180644,2011-01-01
"2095",2011,"California","Export Within System","Lower Basin","Yes",0,0,2011-01-01
"2096",2011,"California","Municipal and Industrial","Lower Basin","Yes",2457,0.002457,2011-01-01
"2097",2011,"California","Power","Lower Basin","Yes",0,0,2011-01-01
"2098",2011,"Colorado","Agriculture","Upper Basin","Yes",1226661.97327595,1.22666197327595,2011-01-01
"2099",2011,"Colorado","Export","Upper Basin","Yes",903677.643332231,0.903677643332231,2011-01-01
"2100",2011,"Colorado","Import","Upper Basin","Yes",-292365.943332231,-0.292365943332231,2011-01-01
"2101",2011,"Colorado","Mineral","Upper Basin","Yes",2142.92000457048,0.00214292000457048,2011-01-01
"2102",2011,"Colorado","Municipal and Industrial","Upper Basin","Yes",41464.6558057646,0.0414646558057646,2011-01-01
"2103",2011,"Colorado","Power","Upper Basin","Yes",19228.36,0.01922836,2011-01-01
"2104",2011,"Colorado","Reservoir Evaporation","Upper Basin","Yes",90408.628774462,0.090408628774462,2011-01-01
"2105",2011,"Lake Powell","Reservoir Evaporation","Upper Basin","Yes",467236.4837623,0.4672364837623,2011-01-01
"2106",2011,"Lower Basin Reservoirs","Reservoir Evaporation","Lower Basin","No",815497,0.815497,2011-01-01
"2107",2011,"Mexico","Mexico Deliveries","Mexico","Yes",1761720,1.76172,2011-01-01
"2108",2011,"Nevada","Agriculture","Lower Basin","Yes",3055,0.003055,2011-01-01
"2109",2011,"Nevada","Export","Lower Basin","Yes",0,0,2011-01-01
"2110",2011,"Nevada","Export Within System","Lower Basin","Yes",0,0,2011-01-01
"2111",2011,"Nevada","Municipal and Industrial","Lower Basin","Yes",216066,0.216066,2011-01-01
"2112",2011,"Nevada","Power","Lower Basin","Yes",180,0.00018,2011-01-01
"2113",2011,"New Mexico","Agriculture","Upper Basin","Yes",220883.530955167,0.220883530955167,2011-01-01
"2114",2011,"New Mexico","Export","Upper Basin","Yes",88501.38,0.08850138,2011-01-01
"2115",2011,"New Mexico","Mineral","Upper Basin","Yes",145.399327448508,0.000145399327448508,2011-01-01
"2116",2011,"New Mexico","Municipal and Industrial","Upper Basin","Yes",11403.565657966,0.011403565657966,2011-01-01
"2117",2011,"New Mexico","Power","Upper Basin","Yes",45725.7645870468,0.0457257645870468,2011-01-01
"2118",2011,"New Mexico","Reservoir Evaporation","Upper Basin","Yes",29209.2949609929,0.0292092949609929,2011-01-01
"2119",2011,"Utah","Agriculture","Upper Basin","Yes",601507.283686778,0.601507283686778,2011-01-01
"2120",2011,"Utah","Export","Upper Basin","Yes",101621.141900138,0.101621141900138,2011-01-01
"2121",2011,"Utah","Import","Upper Basin","Yes",-4706.85535066699,-0.00470685535066698,2011-01-01
"2122",2011,"Utah","Mineral","Upper Basin","Yes",854.501170960188,0.000854501170960188,2011-01-01
"2123",2011,"Utah","Municipal and Industrial","Upper Basin","Yes",15649.6654956411,0.0156496654956411,2011-01-01
"2124",2011,"Utah","Power","Upper Basin","Yes",35148.59,0.03514859,2011-01-01
"2125",2011,"Utah","Reservoir Evaporation","Upper Basin","Yes",164355.888013213,0.164355888013213,2011-01-01
"2126",2011,"Wyoming","Agriculture","Upper Basin","Yes",496473.387642813,0.496473387642813,2011-01-01
"2127",2011,"Wyoming","Export","Upper Basin","Yes",7169.1,0.0071691,2011-01-01
"2128",2011,"Wyoming","Import","Upper Basin","Yes",0,0,2011-01-01
"2129",2011,"Wyoming","Mineral","Upper Basin","Yes",575.035984766983,0.000575035984766983,2011-01-01
"2130",2011,"Wyoming","Municipal and Industrial","Upper Basin","Yes",7571.92950151019,0.00757192950151019,2011-01-01
"2131",2011,"Wyoming","Power","Upper Basin","Yes",36260.28,0.03626028,2011-01-01
"2132",2011,"Wyoming","Reservoir Evaporation","Upper Basin","Yes",32389.5659354263,0.0323895659354263,2011-01-01
"2133",2012,"Arizona","Agriculture","Lower Basin","Yes",1122304,1.122304,2012-01-01
"2134",2012,"Arizona","Agriculture","Upper Basin","Yes",1069.26678052236,0.00106926678052236,2012-01-01
"2135",2012,"Arizona","Export","Lower Basin","Yes",0,0,2012-01-01
"2136",2012,"Arizona","Export","Upper Basin","Yes",0,0,2012-01-01
"2137",2012,"Arizona","Export Within System","Lower Basin","Yes",1763236,1.763236,2012-01-01
"2138",2012,"Arizona","Import","Upper Basin","Yes",0,0,2012-01-01
"2139",2012,"Arizona","Mineral","Upper Basin","Yes",0,0,2012-01-01
"2140",2012,"Arizona","Municipal and Industrial","Lower Basin","Yes",33851,0.033851,2012-01-01
"2141",2012,"Arizona","Municipal and Industrial","Upper Basin","Yes",4190.4098096186,0.0041904098096186,2012-01-01
"2142",2012,"Arizona","Power","Lower Basin","Yes",0,0,2012-01-01
"2143",2012,"Arizona","Power","Upper Basin","Yes",23259,0.023259,2012-01-01
"2144",2012,"Arizona","Reservoir Evaporation","Upper Basin","Yes",3901.99068859096,0.00390199068859096,2012-01-01
"2145",2012,"California","Agriculture","Lower Basin","Yes",413965,0.413965,2012-01-01
"2146",2012,"California","Export","Lower Basin","Yes",3967048,3.967048,2012-01-01
"2147",2012,"California","Export Within System","Lower Basin","Yes",0,0,2012-01-01
"2148",2012,"California","Municipal and Industrial","Lower Basin","Yes",2871,0.002871,2012-01-01
"2149",2012,"California","Power","Lower Basin","Yes",0,0,2012-01-01
"2150",2012,"Colorado","Agriculture","Upper Basin","Yes",1368993.39700987,1.36899339700987,2012-01-01
"2151",2012,"Colorado","Export","Upper Basin","Yes",857999.518,0.857999518,2012-01-01
"2152",2012,"Colorado","Import","Upper Basin","Yes",-302273.768,-0.302273768,2012-01-01
"2153",2012,"Colorado","Mineral","Upper Basin","Yes",2142.92000457048,0.00214292000457048,2012-01-01
"2154",2012,"Colorado","Municipal and Industrial","Upper Basin","Yes",41533.1753290617,0.0415331753290617,2012-01-01
"2155",2012,"Colorado","Power","Upper Basin","Yes",21690.73,0.02169073,2012-01-01
"2156",2012,"Colorado","Reservoir Evaporation","Upper Basin","Yes",96179.2044587482,0.0961792044587482,2012-01-01
"2157",2012,"Lake Powell","Reservoir Evaporation","Upper Basin","Yes",454983.8539628,0.4549838539628,2012-01-01
"2158",2012,"Lower Basin Reservoirs","Reservoir Evaporation","Lower Basin","No",878473,0.878473,2012-01-01
"2159",2012,"Mexico","Mexico Deliveries","Mexico","Yes",1557446,1.557446,2012-01-01
"2160",2012,"Nevada","Agriculture","Lower Basin","Yes",3163,0.003163,2012-01-01
"2161",2012,"Nevada","Export","Lower Basin","Yes",0,0,2012-01-01
"2162",2012,"Nevada","Export Within System","Lower Basin","Yes",0,0,2012-01-01
"2163",2012,"Nevada","Municipal and Industrial","Lower Basin","Yes",229587,0.229587,2012-01-01
"2164",2012,"Nevada","Power","Lower Basin","Yes",0,0,2012-01-01
"2165",2012,"New Mexico","Agriculture","Upper Basin","Yes",247362.908878171,0.247362908878171,2012-01-01
"2166",2012,"New Mexico","Export","Upper Basin","Yes",51738.38,0.05173838,2012-01-01
"2167",2012,"New Mexico","Mineral","Upper Basin","Yes",145.399327448508,0.000145399327448508,2012-01-01
"2168",2012,"New Mexico","Municipal and Industrial","Upper Basin","Yes",11401.1279073064,0.0114011279073064,2012-01-01
"2169",2012,"New Mexico","Power","Upper Basin","Yes",44998.4523479715,0.0449984523479715,2012-01-01
"2170",2012,"New Mexico","Reservoir Evaporation","Upper Basin","Yes",26739.049285,0.026739049285,2012-01-01
"2171",2012,"Utah","Agriculture","Upper Basin","Yes",658421.849165901,0.658421849165901,2012-01-01
"2172",2012,"Utah","Export","Upper Basin","Yes",119454.343382762,0.119454343382762,2012-01-01
"2173",2012,"Utah","Import","Upper Basin","Yes",-5073.53756058681,-0.00507353756058681,2012-01-01
"2174",2012,"Utah","Mineral","Upper Basin","Yes",854.501170960188,0.000854501170960188,2012-01-01
"2175",2012,"Utah","Municipal and Industrial","Upper Basin","Yes",15817.1669229838,0.0158171669229838,2012-01-01
"2176",2012,"Utah","Power","Upper Basin","Yes",34976.89,0.03497689,2012-01-01
"2177",2012,"Utah","Reservoir Evaporation","Upper Basin","Yes",165617.234565062,0.165617234565062,2012-01-01
"2178",2012,"Wyoming","Agriculture","Upper Basin","Yes",516244.157168419,0.516244157168419,2012-01-01
"2179",2012,"Wyoming","Export","Upper Basin","Yes",7670.6,0.0076706,2012-01-01
"2180",2012,"Wyoming","Import","Upper Basin","Yes",0,0,2012-01-01
"2181",2012,"Wyoming","Mineral","Upper Basin","Yes",575.035984766983,0.000575035984766983,2012-01-01
"2182",2012,"Wyoming","Municipal and Industrial","Upper Basin","Yes",7672.15137926874,0.00767215137926874,2012-01-01
"2183",2012,"Wyoming","Power","Upper Basin","Yes",35201.342,0.035201342,2012-01-01
"2184",2012,"Wyoming","Reservoir Evaporation","Upper Basin","Yes",34276.5611091799,0.0342765611091799,2012-01-01
"2185",2013,"Arizona","Agriculture","Lower Basin","Yes",1077209,1.077209,2013-01-01
"2186",2013,"Arizona","Agriculture","Upper Basin","Yes",1366.31180001802,0.00136631180001802,2013-01-01
"2187",2013,"Arizona","Export","Lower Basin","Yes",0,0,2013-01-01
"2188",2013,"Arizona","Export","Upper Basin","Yes",0,0,2013-01-01
"2189",2013,"Arizona","Export Within System","Lower Basin","Yes",1521262,1.521262,2013-01-01
"2190",2013,"Arizona","Import","Upper Basin","Yes",0,0,2013-01-01
"2191",2013,"Arizona","Mineral","Upper Basin","Yes",0,0,2013-01-01
"2192",2013,"Arizona","Municipal and Industrial","Lower Basin","Yes",34053,0.034053,2013-01-01
"2193",2013,"Arizona","Municipal and Industrial","Upper Basin","Yes",4112.34447045786,0.00411234447045786,2013-01-01
"2194",2013,"Arizona","Power","Lower Basin","Yes",0,0,2013-01-01
"2195",2013,"Arizona","Power","Upper Basin","Yes",25665,0.025665,2013-01-01
"2196",2013,"Arizona","Reservoir Evaporation","Upper Basin","Yes",3640.91736355114,0.00364091736355114,2013-01-01
"2197",2013,"California","Agriculture","Lower Basin","Yes",493585,0.493585,2013-01-01
"2198",2013,"California","Export","Lower Basin","Yes",3734366,3.734366,2013-01-01
"2199",2013,"California","Export Within System","Lower Basin","Yes",0,0,2013-01-01
"2200",2013,"California","Municipal and Industrial","Lower Basin","Yes",2924,0.002924,2013-01-01
"2201",2013,"California","Power","Lower Basin","Yes",0,0,2013-01-01
"2202",2013,"Colorado","Agriculture","Upper Basin","Yes",1012461.28660164,1.01246128660164,2013-01-01
"2203",2013,"Colorado","Export","Upper Basin","Yes",685325.076373945,0.685325076373945,2013-01-01
"2204",2013,"Colorado","Import","Upper Basin","Yes",-164837.546373945,-0.164837546373945,2013-01-01
"2205",2013,"Colorado","Mineral","Upper Basin","Yes",2142.92000457048,0.00214292000457048,2013-01-01
"2206",2013,"Colorado","Municipal and Industrial","Upper Basin","Yes",41746.4063679159,0.0417464063679159,2013-01-01
"2207",2013,"Colorado","Power","Upper Basin","Yes",21206.96,0.02120696,2013-01-01
"2208",2013,"Colorado","Reservoir Evaporation","Upper Basin","Yes",86463.3919424368,0.0864633919424368,2013-01-01
"2209",2013,"Lake Powell","Reservoir Evaporation","Upper Basin","Yes",360910.5718763,0.3609105718763,2013-01-01
"2210",2013,"Lower Basin Reservoirs","Reservoir Evaporation","Lower Basin","No",847609,0.847609,2013-01-01
"2211",2013,"Mexico","Mexico Deliveries","Mexico","Yes",1607507,1.607507,2013-01-01
"2212",2013,"Nevada","Agriculture","Lower Basin","Yes",3409,0.003409,2013-01-01
"2213",2013,"Nevada","Export","Lower Basin","Yes",0,0,2013-01-01
"2214",2013,"Nevada","Export Within System","Lower Basin","Yes",0,0,2013-01-01
"2215",2013,"Nevada","Municipal and Industrial","Lower Basin","Yes",227592,0.227592,2013-01-01
"2216",2013,"Nevada","Power","Lower Basin","Yes",0,0,2013-01-01
"2217",2013,"New Mexico","Agriculture","Upper Basin","Yes",193142.089869367,0.193142089869367,2013-01-01
"2218",2013,"New Mexico","Export","Upper Basin","Yes",40825.8,0.0408258,2013-01-01
"2219",2013,"New Mexico","Mineral","Upper Basin","Yes",145.399327448508,0.000145399327448508,2013-01-01
"2220",2013,"New Mexico","Municipal and Industrial","Upper Basin","Yes",11380.4567063185,0.0113804567063185,2013-01-01
"2221",2013,"New Mexico","Power","Upper Basin","Yes",43360.5524957769,0.0433605524957769,2013-01-01
"2222",2013,"New Mexico","Reservoir Evaporation","Upper Basin","Yes",21504.26232,0.02150426232,2013-01-01
"2223",2013,"Utah","Agriculture","Upper Basin","Yes",518039.911461788,0.518039911461789,2013-01-01
"2224",2013,"Utah","Export","Upper Basin","Yes",141479.706570625,0.141479706570625,2013-01-01
"2225",2013,"Utah","Import","Upper Basin","Yes",-5608.47396462448,-0.00560847396462448,2013-01-01
"2226",2013,"Utah","Mineral","Upper Basin","Yes",854.501170960188,0.000854501170960188,2013-01-01
"2227",2013,"Utah","Municipal and Industrial","Upper Basin","Yes",15994.9121811261,0.0159949121811261,2013-01-01
"2228",2013,"Utah","Power","Upper Basin","Yes",35110.47,0.03511047,2013-01-01
"2229",2013,"Utah","Reservoir Evaporation","Upper Basin","Yes",156058.538509568,0.156058538509568,2013-01-01
"2230",2013,"Wyoming","Agriculture","Upper Basin","Yes",452775.189110675,0.452775189110675,2013-01-01
"2231",2013,"Wyoming","Export","Upper Basin","Yes",14831.7,0.0148317,2013-01-01
"2232",2013,"Wyoming","Import","Upper Basin","Yes",0,0,2013-01-01
"2233",2013,"Wyoming","Mineral","Upper Basin","Yes",575.035984766983,0.000575035984766983,2013-01-01
"2234",2013,"Wyoming","Municipal and Industrial","Upper Basin","Yes",7665.60606534684,0.00766560606534684,2013-01-01
"2235",2013,"Wyoming","Power","Upper Basin","Yes",36117,0.036117,2013-01-01
"2236",2013,"Wyoming","Reservoir Evaporation","Upper Basin","Yes",31670.560061403,0.031670560061403,2013-01-01
"2237",2014,"Arizona","Agriculture","Lower Basin","Yes",1099445,1.099445,2014-01-01
"2238",2014,"Arizona","Agriculture","Upper Basin","Yes",1233.36941816686,0.00123336941816686,2014-01-01
"2239",2014,"Arizona","Export","Lower Basin","Yes",0,0,2014-01-01
"2240",2014,"Arizona","Export","Upper Basin","Yes",0,0,2014-01-01
"2241",2014,"Arizona","Export Within System","Lower Basin","Yes",1685262,1.685262,2014-01-01
"2242",2014,"Arizona","Import","Upper Basin","Yes",0,0,2014-01-01
"2243",2014,"Arizona","Mineral","Upper Basin","Yes",0,0,2014-01-01
"2244",2014,"Arizona","Municipal and Industrial","Lower Basin","Yes",32754,0.032754,2014-01-01
"2245",2014,"Arizona","Municipal and Industrial","Upper Basin","Yes",4070.29202167081,0.00407029202167081,2014-01-01
"2246",2014,"Arizona","Power","Lower Basin","Yes",0,0,2014-01-01
"2247",2014,"Arizona","Power","Upper Basin","Yes",25717,0.025717,2014-01-01
"2248",2014,"Arizona","Reservoir Evaporation","Upper Basin","Yes",3621.09862026847,0.00362109862026847,2014-01-01
"2249",2014,"California","Agriculture","Lower Basin","Yes",495448,0.495448,2014-01-01
"2250",2014,"California","Export","Lower Basin","Yes",4156959,4.156959,2014-01-01
"2251",2014,"California","Export Within System","Lower Basin","Yes",0,0,2014-01-01
"2252",2014,"California","Municipal and Industrial","Lower Basin","Yes",2802,0.002802,2014-01-01
"2253",2014,"California","Power","Lower Basin","Yes",0,0,2014-01-01
"2254",2014,"Colorado","Agriculture","Upper Basin","Yes",1064497.41919247,1.06449741919247,2014-01-01
"2255",2014,"Colorado","Export","Upper Basin","Yes",693008.692775729,0.693008692775729,2014-01-01
"2256",2014,"Colorado","Import","Upper Basin","Yes",-251539.332775728,-0.251539332775728,2014-01-01
"2257",2014,"Colorado","Mineral","Upper Basin","Yes",2142.92000457048,0.00214292000457048,2014-01-01
"2258",2014,"Colorado","Municipal and Industrial","Upper Basin","Yes",41900.3302952559,0.0419003302952559,2014-01-01
"2259",2014,"Colorado","Power","Upper Basin","Yes",20424.62,0.02042462,2014-01-01
"2260",2014,"Colorado","Reservoir Evaporation","Upper Basin","Yes",88963.975994585,0.088963975994585,2014-01-01
"2261",2014,"Lake Powell","Reservoir Evaporation","Upper Basin","Yes",347171.7948642,0.3471717948642,2014-01-01
"2262",2014,"Lower Basin Reservoirs","Reservoir Evaporation","Lower Basin","No",808484,0.808484,2014-01-01
"2263",2014,"Mexico","Mexico Deliveries","Mexico","Yes",1721705,1.721705,2014-01-01
"2264",2014,"Nevada","Agriculture","Lower Basin","Yes",2486,0.002486,2014-01-01
"2265",2014,"Nevada","Export","Lower Basin","Yes",0,0,2014-01-01
"2266",2014,"Nevada","Export Within System","Lower Basin","Yes",0,0,2014-01-01
"2267",2014,"Nevada","Municipal and Industrial","Lower Basin","Yes",218740,0.21874,2014-01-01
"2268",2014,"Nevada","Power","Lower Basin","Yes",0,0,2014-01-01
"2269",2014,"New Mexico","Agriculture","Upper Basin","Yes",207040.015349506,0.207040015349506,2014-01-01
"2270",2014,"New Mexico","Export","Upper Basin","Yes",60405.8,0.0604058,2014-01-01
"2271",2014,"New Mexico","Mineral","Upper Basin","Yes",145.399327448508,0.000145399327448508,2014-01-01
"2272",2014,"New Mexico","Municipal and Industrial","Upper Basin","Yes",11347.751075937,0.011347751075937,2014-01-01
"2273",2014,"New Mexico","Power","Upper Basin","Yes",38903.0012186387,0.0389030012186387,2014-01-01
"2274",2014,"New Mexico","Reservoir Evaporation","Upper Basin","Yes",23820.573557,0.023820573557,2014-01-01
"2275",2014,"Utah","Agriculture","Upper Basin","Yes",566995.896797476,0.566995896797476,2014-01-01
"2276",2014,"Utah","Export","Upper Basin","Yes",131186.567031181,0.131186567031181,2014-01-01
"2277",2014,"Utah","Import","Upper Basin","Yes",-3268.16542930112,-0.00326816542930112,2014-01-01
"2278",2014,"Utah","Mineral","Upper Basin","Yes",854.501170960188,0.000854501170960188,2014-01-01
"2279",2014,"Utah","Municipal and Industrial","Upper Basin","Yes",16136.8128726724,0.0161368128726724,2014-01-01
"2280",2014,"Utah","Power","Upper Basin","Yes",33154.82,0.03315482,2014-01-01
"2281",2014,"Utah","Reservoir Evaporation","Upper Basin","Yes",155731.725065641,0.155731725065641,2014-01-01
"2282",2014,"Wyoming","Agriculture","Upper Basin","Yes",448357.407927607,0.448357407927607,2014-01-01
"2283",2014,"Wyoming","Export","Upper Basin","Yes",7167,0.007167,2014-01-01
"2284",2014,"Wyoming","Import","Upper Basin","Yes",0,0,2014-01-01
"2285",2014,"Wyoming","Mineral","Upper Basin","Yes",575.035984766983,0.000575035984766983,2014-01-01
"2286",2014,"Wyoming","Municipal and Industrial","Upper Basin","Yes",7620.0638888427,0.0076200638888427,2014-01-01
"2287",2014,"Wyoming","Power","Upper Basin","Yes",34636.466,0.034636466,2014-01-01
"2288",2014,"Wyoming","Reservoir Evaporation","Upper Basin","Yes",32539.4482895153,0.0325394482895153,2014-01-01
"2289",2015,"Arizona","Agriculture","Lower Basin","Yes",1046328,1.046328,2015-01-01
"2290",2015,"Arizona","Agriculture","Upper Basin","Yes",2267.32112482085,0.00226732112482085,2015-01-01
"2291",2015,"Arizona","Export","Lower Basin","Yes",0,0,2015-01-01
"2292",2015,"Arizona","Export","Upper Basin","Yes",0,0,2015-01-01
"2293",2015,"Arizona","Export Within System","Lower Basin","Yes",1565716,1.565716,2015-01-01
"2294",2015,"Arizona","Import","Upper Basin","Yes",0,0,2015-01-01
"2295",2015,"Arizona","Mineral","Upper Basin","Yes",0,0,2015-01-01
"2296",2015,"Arizona","Municipal and Industrial","Lower Basin","Yes",34216,0.034216,2015-01-01
"2297",2015,"Arizona","Municipal and Industrial","Upper Basin","Yes",4391.71302763603,0.00439171302763604,2015-01-01
"2298",2015,"Arizona","Power","Lower Basin","Yes",0,0,2015-01-01
"2299",2015,"Arizona","Power","Upper Basin","Yes",20806,0.020806,2015-01-01
"2300",2015,"Arizona","Reservoir Evaporation","Upper Basin","Yes",2951.13726696218,0.00295113726696218,2015-01-01
"2301",2015,"California","Agriculture","Lower Basin","Yes",460971,0.460971,2015-01-01
"2302",2015,"California","Export","Lower Basin","Yes",4060286,4.060286,2015-01-01
"2303",2015,"California","Export Within System","Lower Basin","Yes",0,0,2015-01-01
"2304",2015,"California","Municipal and Industrial","Lower Basin","Yes",2246,0.002246,2015-01-01
"2305",2015,"California","Power","Lower Basin","Yes",0,0,2015-01-01
"2306",2015,"Colorado","Agriculture","Upper Basin","Yes",1213999.83168882,1.21399983168882,2015-01-01
"2307",2015,"Colorado","Export","Upper Basin","Yes",505522.907,0.505522907,2015-01-01
"2308",2015,"Colorado","Import","Upper Basin","Yes",-231819.897,-0.231819897,2015-01-01
"2309",2015,"Colorado","Mineral","Upper Basin","Yes",2142.92000457048,0.00214292000457048,2015-01-01
"2310",2015,"Colorado","Municipal and Industrial","Upper Basin","Yes",42233.7200207254,0.0422337200207254,2015-01-01
"2311",2015,"Colorado","Power","Upper Basin","Yes",18261.42,0.01826142,2015-01-01
"2312",2015,"Colorado","Reservoir Evaporation","Upper Basin","Yes",93401.3306989809,0.0934013306989809,2015-01-01
"2313",2015,"Lake Powell","Reservoir Evaporation","Upper Basin","Yes",368092.8712683,0.3680928712683,2015-01-01
"2314",2015,"Lower Basin Reservoirs","Reservoir Evaporation","Lower Basin","No",792942,0.792942,2015-01-01
"2315",2015,"Mexico","Mexico Deliveries","Mexico","Yes",1657207,1.657207,2015-01-01
"2316",2015,"Nevada","Agriculture","Lower Basin","Yes",3143,0.003143,2015-01-01
"2317",2015,"Nevada","Export","Lower Basin","Yes",0,0,2015-01-01
"2318",2015,"Nevada","Export Within System","Lower Basin","Yes",0,0,2015-01-01
"2319",2015,"Nevada","Municipal and Industrial","Lower Basin","Yes",223250,0.22325,2015-01-01
"2320",2015,"Nevada","Power","Lower Basin","Yes",0,0,2015-01-01
"2321",2015,"New Mexico","Agriculture","Upper Basin","Yes",187445.846476459,0.187445846476459,2015-01-01
"2322",2015,"New Mexico","Export","Upper Basin","Yes",88226,0.088226,2015-01-01
"2323",2015,"New Mexico","Mineral","Upper Basin","Yes",145.399327448508,0.000145399327448508,2015-01-01
"2324",2015,"New Mexico","Municipal and Industrial","Upper Basin","Yes",11283.3587204673,0.0112833587204673,2015-01-01
"2325",2015,"New Mexico","Power","Upper Basin","Yes",37759.4629292742,0.0377594629292742,2015-01-01
"2326",2015,"New Mexico","Reservoir Evaporation","Upper Basin","Yes",27637.289235,0.027637289235,2015-01-01
"2327",2015,"Utah","Agriculture","Upper Basin","Yes",713741.834397895,0.713741834397895,2015-01-01
"2328",2015,"Utah","Export","Upper Basin","Yes",130871.051868567,0.130871051868567,2015-01-01
"2329",2015,"Utah","Import","Upper Basin","Yes",-4670.62778165685,-0.00467062778165685,2015-01-01
"2330",2015,"Utah","Mineral","Upper Basin","Yes",854.501170960188,0.000854501170960188,2015-01-01
"2331",2015,"Utah","Municipal and Industrial","Upper Basin","Yes",16240.3442158327,0.0162403442158327,2015-01-01
"2332",2015,"Utah","Power","Upper Basin","Yes",33869.41,0.03386941,2015-01-01
"2333",2015,"Utah","Reservoir Evaporation","Upper Basin","Yes",161229.581922726,0.161229581922726,2015-01-01
"2334",2015,"Wyoming","Agriculture","Upper Basin","Yes",575451.189864046,0.575451189864046,2015-01-01
"2335",2015,"Wyoming","Export","Upper Basin","Yes",8508.2,0.0085082,2015-01-01
"2336",2015,"Wyoming","Import","Upper Basin","Yes",0,0,2015-01-01
"2337",2015,"Wyoming","Mineral","Upper Basin","Yes",575.035984766983,0.000575035984766983,2015-01-01
"2338",2015,"Wyoming","Municipal and Industrial","Upper Basin","Yes",7561.29556740006,0.00756129556740006,2015-01-01
"2339",2015,"Wyoming","Power","Upper Basin","Yes",33904,0.033904,2015-01-01
"2340",2015,"Wyoming","Reservoir Evaporation","Upper Basin","Yes",34616.6641725568,0.0346166641725568,2015-01-01
"2341",2016,"Arizona","Agriculture","Lower Basin","Yes",1092824,1.092824,2016-01-01
"2342",2016,"Arizona","Agriculture","Upper Basin","Yes",1590.14439154491,0.00159014439154491,2016-01-01
"2343",2016,"Arizona","Export","Lower Basin","Yes",0,0,2016-01-01
"2344",2016,"Arizona","Export","Upper Basin","Yes",0,0,2016-01-01
"2345",2016,"Arizona","Export Within System","Lower Basin","Yes",1467138,1.467138,2016-01-01
"2346",2016,"Arizona","Import","Upper Basin","Yes",0,0,2016-01-01
"2347",2016,"Arizona","Mineral","Upper Basin","Yes",0,0,2016-01-01
"2348",2016,"Arizona","Municipal and Industrial","Lower Basin","Yes",34752,0.034752,2016-01-01
"2349",2016,"Arizona","Municipal and Industrial","Upper Basin","Yes",5118.631173194,0.005118631173194,2016-01-01
"2350",2016,"Arizona","Power","Lower Basin","Yes",21,2.1e-05,2016-01-01
"2351",2016,"Arizona","Power","Upper Basin","Yes",18309,0.018309,2016-01-01
"2352",2016,"Arizona","Reservoir Evaporation","Upper Basin","Yes",3426.60242338086,0.00342660242338086,2016-01-01
"2353",2016,"California","Agriculture","Lower Basin","Yes",410571,0.410571,2016-01-01
"2354",2016,"California","Export","Lower Basin","Yes",4100014,4.100014,2016-01-01
"2355",2016,"California","Export Within System","Lower Basin","Yes",0,0,2016-01-01
"2356",2016,"California","Municipal and Industrial","Lower Basin","Yes",2493,0.002493,2016-01-01
"2357",2016,"California","Power","Lower Basin","Yes",0,0,2016-01-01
"2358",2016,"Colorado","Agriculture","Upper Basin","Yes",1210931.75718073,1.21093175718073,2016-01-01
"2359",2016,"Colorado","Export","Upper Basin","Yes",709739.664,0.709739664,2016-01-01
"2360",2016,"Colorado","Import","Upper Basin","Yes",-262610.714,-0.262610714,2016-01-01
"2361",2016,"Colorado","Mineral","Upper Basin","Yes",2142.92000457048,0.00214292000457048,2016-01-01
"2362",2016,"Colorado","Municipal and Industrial","Upper Basin","Yes",42845.3808081256,0.0428453808081256,2016-01-01
"2363",2016,"Colorado","Power","Upper Basin","Yes",18351,0.018351,2016-01-01
"2364",2016,"Colorado","Reservoir Evaporation","Upper Basin","Yes",98087.9557441332,0.0980879557441332,2016-01-01
"2365",2016,"Lake Powell","Reservoir Evaporation","Upper Basin","Yes",378368.9845128,0.3783689845128,2016-01-01
"2366",2016,"Lower Basin Reservoirs","Reservoir Evaporation","Lower Basin","No",773602,0.773602,2016-01-01
"2367",2016,"Mexico","Mexico Deliveries","Mexico","Yes",1645777,1.645777,2016-01-01
"2368",2016,"Nevada","Agriculture","Lower Basin","Yes",3370,0.00337,2016-01-01
"2369",2016,"Nevada","Export","Lower Basin","Yes",0,0,2016-01-01
"2370",2016,"Nevada","Export Within System","Lower Basin","Yes",0,0,2016-01-01
"2371",2016,"Nevada","Municipal and Industrial","Lower Basin","Yes",226300,0.2263,2016-01-01
"2372",2016,"Nevada","Power","Lower Basin","Yes",0,0,2016-01-01
"2373",2016,"New Mexico","Agriculture","Upper Basin","Yes",179150.178884859,0.179150178884859,2016-01-01
"2374",2016,"New Mexico","Export","Upper Basin","Yes",89696.6,0.0896966,2016-01-01
"2375",2016,"New Mexico","Mineral","Upper Basin","Yes",145.399327448508,0.000145399327448508,2016-01-01
"2376",2016,"New Mexico","Municipal and Industrial","Upper Basin","Yes",11245.5750528152,0.0112455750528152,2016-01-01
"2377",2016,"New Mexico","Power","Upper Basin","Yes",34514.0391260467,0.0345140391260467,2016-01-01
"2378",2016,"New Mexico","Reservoir Evaporation","Upper Basin","Yes",29885.65346,0.02988565346,2016-01-01
"2379",2016,"Utah","Agriculture","Upper Basin","Yes",647149.394350595,0.647149394350595,2016-01-01
"2380",2016,"Utah","Export","Upper Basin","Yes",133334.960009185,0.133334960009185,2016-01-01
"2381",2016,"Utah","Import","Upper Basin","Yes",-4770.51900826446,-0.00477051900826446,2016-01-01
"2382",2016,"Utah","Mineral","Upper Basin","Yes",854.501170960188,0.000854501170960188,2016-01-01
"2383",2016,"Utah","Municipal and Industrial","Upper Basin","Yes",15957.7969741943,0.0159577969741943,2016-01-01
"2384",2016,"Utah","Power","Upper Basin","Yes",28004.38,0.02800438,2016-01-01
"2385",2016,"Utah","Reservoir Evaporation","Upper Basin","Yes",158834.063484655,0.158834063484655,2016-01-01
"2386",2016,"Wyoming","Agriculture","Upper Basin","Yes",547316.345830567,0.547316345830567,2016-01-01
"2387",2016,"Wyoming","Export","Upper Basin","Yes",8508.2,0.0085082,2016-01-01
"2388",2016,"Wyoming","Import","Upper Basin","Yes",0,0,2016-01-01
"2389",2016,"Wyoming","Mineral","Upper Basin","Yes",575.035984766983,0.000575035984766983,2016-01-01
"2390",2016,"Wyoming","Municipal and Industrial","Upper Basin","Yes",7485.7188957824,0.0074857188957824,2016-01-01
"2391",2016,"Wyoming","Power","Upper Basin","Yes",27664,0.027664,2016-01-01
"2392",2016,"Wyoming","Reservoir Evaporation","Upper Basin","Yes",33263.7337208815,0.0332637337208815,2016-01-01
"2393",2017,"Arizona","Agriculture","Lower Basin","Yes",1050058,1.050058,2017-01-01
"2394",2017,"Arizona","Agriculture","Upper Basin","Yes",2073.03243263201,0.00207303243263201,2017-01-01
"2395",2017,"Arizona","Export","Lower Basin","Yes",0,0,2017-01-01
"2396",2017,"Arizona","Export","Upper Basin","Yes",0,0,2017-01-01
"2397",2017,"Arizona","Export Within System","Lower Basin","Yes",1406063,1.406063,2017-01-01
"2398",2017,"Arizona","Import","Upper Basin","Yes",0,0,2017-01-01
"2399",2017,"Arizona","Mineral","Upper Basin","Yes",0,0,2017-01-01
"2400",2017,"Arizona","Municipal and Industrial","Lower Basin","Yes",36932,0.036932,2017-01-01
"2401",2017,"Arizona","Municipal and Industrial","Upper Basin","Yes",5266.00971841592,0.00526600971841592,2017-01-01
"2402",2017,"Arizona","Power","Lower Basin","Yes",25,2.5e-05,2017-01-01
"2403",2017,"Arizona","Power","Upper Basin","Yes",17746,0.017746,2017-01-01
"2404",2017,"Arizona","Reservoir Evaporation","Upper Basin","Yes",3724.3245477285,0.0037243245477285,2017-01-01
"2405",2017,"California","Agriculture","Lower Basin","Yes",350704,0.350704,2017-01-01
"2406",2017,"California","Export","Lower Basin","Yes",3612751,3.612751,2017-01-01
"2407",2017,"California","Export Within System","Lower Basin","Yes",0,0,2017-01-01
"2408",2017,"California","Municipal and Industrial","Lower Basin","Yes",2696,0.002696,2017-01-01
"2409",2017,"California","Power","Lower Basin","Yes",0,0,2017-01-01
"2410",2017,"Colorado","Agriculture","Upper Basin","Yes",1340539.57628326,1.34053957628326,2017-01-01
"2411",2017,"Colorado","Export","Upper Basin","Yes",818835.919,0.818835919,2017-01-01
"2412",2017,"Colorado","Import","Upper Basin","Yes",-274137.869,-0.274137869,2017-01-01
"2413",2017,"Colorado","Mineral","Upper Basin","Yes",2142.92000457048,0.00214292000457048,2017-01-01
"2414",2017,"Colorado","Municipal and Industrial","Upper Basin","Yes",43242.2104402582,0.0432422104402582,2017-01-01
"2415",2017,"Colorado","Power","Upper Basin","Yes",17617.33,0.01761733,2017-01-01
"2416",2017,"Colorado","Reservoir Evaporation","Upper Basin","Yes",104051.647248417,0.104051647248417,2017-01-01
"2417",2017,"Lake Powell","Reservoir Evaporation","Upper Basin","Yes",408693.0889236,0.4086930889236,2017-01-01
"2418",2017,"Lower Basin Reservoirs","Reservoir Evaporation","Lower Basin","No",782254,0.782254,2017-01-01
"2419",2017,"Mexico","Mexico Deliveries","Mexico","Yes",1647206,1.647206,2017-01-01
"2420",2017,"Nevada","Agriculture","Lower Basin","Yes",2201,0.002201,2017-01-01
"2421",2017,"Nevada","Export","Lower Basin","Yes",0,0,2017-01-01
"2422",2017,"Nevada","Export Within System","Lower Basin","Yes",0,0,2017-01-01
"2423",2017,"Nevada","Municipal and Industrial","Lower Basin","Yes",239555,0.239555,2017-01-01
"2424",2017,"Nevada","Power","Lower Basin","Yes",0,0,2017-01-01
"2425",2017,"New Mexico","Agriculture","Upper Basin","Yes",203531.895717744,0.203531895717744,2017-01-01
"2426",2017,"New Mexico","Export","Upper Basin","Yes",151162,0.151162,2017-01-01
"2427",2017,"New Mexico","Mineral","Upper Basin","Yes",145.399327448508,0.000145399327448508,2017-01-01
"2428",2017,"New Mexico","Municipal and Industrial","Upper Basin","Yes",11167.9464859272,0.0111679464859272,2017-01-01
"2429",2017,"New Mexico","Power","Upper Basin","Yes",34605.6321486222,0.0346056321486222,2017-01-01
"2430",2017,"New Mexico","Reservoir Evaporation","Upper Basin","Yes",29510.991065,0.029510991065,2017-01-01
"2431",2017,"Utah","Agriculture","Upper Basin","Yes",734348.342847421,0.734348342847421,2017-01-01
"2432",2017,"Utah","Export","Upper Basin","Yes",133060.735905621,0.133060735905621,2017-01-01
"2433",2017,"Utah","Import","Upper Basin","Yes",-4915.72300553336,-0.00491572300553336,2017-01-01
"2434",2017,"Utah","Mineral","Upper Basin","Yes",854.501170960188,0.000854501170960188,2017-01-01
"2435",2017,"Utah","Municipal and Industrial","Upper Basin","Yes",15635.7509182516,0.0156357509182516,2017-01-01
"2436",2017,"Utah","Power","Upper Basin","Yes",29954.89,0.02995489,2017-01-01
"2437",2017,"Utah","Reservoir Evaporation","Upper Basin","Yes",162572.338378644,0.162572338378644,2017-01-01
"2438",2017,"Wyoming","Agriculture","Upper Basin","Yes",538680.951499742,0.538680951499742,2017-01-01
"2439",2017,"Wyoming","Export","Upper Basin","Yes",8508.2,0.0085082,2017-01-01
"2440",2017,"Wyoming","Import","Upper Basin","Yes",0,0,2017-01-01
"2441",2017,"Wyoming","Mineral","Upper Basin","Yes",575.035984766983,0.000575035984766983,2017-01-01
"2442",2017,"Wyoming","Municipal and Industrial","Upper Basin","Yes",7361.57267291032,0.00736157267291032,2017-01-01
"2443",2017,"Wyoming","Power","Upper Basin","Yes",29677,0.029677,2017-01-01
"2444",2017,"Wyoming","Reservoir Evaporation","Upper Basin","Yes",32810.0952226927,0.0328100952226927,2017-01-01
"2445",2018,"Arizona","Agriculture","Lower Basin","Yes",1110011,1.110011,2018-01-01
"2446",2018,"Arizona","Agriculture","Upper Basin","Yes",1987.0000810577,0.0019870000810577,2018-01-01
"2447",2018,"Arizona","Export","Lower Basin","Yes",0,0,2018-01-01
"2448",2018,"Arizona","Export","Upper Basin","Yes",0,0,2018-01-01
"2449",2018,"Arizona","Export Within System","Lower Basin","Yes",1431330,1.43133,2018-01-01
"2450",2018,"Arizona","Import","Upper Basin","Yes",0,0,2018-01-01
"2451",2018,"Arizona","Mineral","Upper Basin","Yes",0,0,2018-01-01
"2452",2018,"Arizona","Municipal and Industrial","Lower Basin","Yes",39505,0.039505,2018-01-01
"2453",2018,"Arizona","Municipal and Industrial","Upper Basin","Yes",5287.90389039452,0.00528790389039452,2018-01-01
"2454",2018,"Arizona","Power","Lower Basin","Yes",5,5e-06,2018-01-01
"2455",2018,"Arizona","Power","Upper Basin","Yes",18001,0.018001,2018-01-01
"2456",2018,"Arizona","Reservoir Evaporation","Upper Basin","Yes",3807.73059853506,0.00380773059853506,2018-01-01
"2457",2018,"California","Agriculture","Lower Basin","Yes",430544,0.430544,2018-01-01
"2458",2018,"California","Export","Lower Basin","Yes",3985644,3.985644,2018-01-01
"2459",2018,"California","Export Within System","Lower Basin","Yes",0,0,2018-01-01
"2460",2018,"California","Municipal and Industrial","Lower Basin","Yes",2389,0.002389,2018-01-01
"2461",2018,"California","Power","Lower Basin","Yes",0,0,2018-01-01
"2462",2018,"Colorado","Agriculture","Upper Basin","Yes",1551960.53759874,1.55196053759874,2018-01-01
"2463",2018,"Colorado","Export","Upper Basin","Yes",710290.722,0.710290722,2018-01-01
"2464",2018,"Colorado","Import","Upper Basin","Yes",-214606.632,-0.214606632,2018-01-01
"2465",2018,"Colorado","Mineral","Upper Basin","Yes",2142.92000457048,0.00214292000457048,2018-01-01
"2466",2018,"Colorado","Municipal and Industrial","Upper Basin","Yes",43611.635981924,0.043611635981924,2018-01-01
"2467",2018,"Colorado","Power","Upper Basin","Yes",16350.07,0.01635007,2018-01-01
"2468",2018,"Colorado","Reservoir Evaporation","Upper Basin","Yes",93617.8820313262,0.0936178820313262,2018-01-01
"2469",2018,"Lake Powell","Reservoir Evaporation","Upper Basin","Yes",386346.0534463,0.3863460534463,2018-01-01
"2470",2018,"Lower Basin Reservoirs","Reservoir Evaporation","Lower Basin","No",808933,0.808933,2018-01-01
"2471",2018,"Mexico","Mexico Deliveries","Mexico","Yes",1616521,1.616521,2018-01-01
"2472",2018,"Nevada","Agriculture","Lower Basin","Yes",1975,0.001975,2018-01-01
"2473",2018,"Nevada","Export","Lower Basin","Yes",0,0,2018-01-01
"2474",2018,"Nevada","Export Within System","Lower Basin","Yes",0,0,2018-01-01
"2475",2018,"Nevada","Municipal and Industrial","Lower Basin","Yes",244988,0.244988,2018-01-01
"2476",2018,"Nevada","Power","Lower Basin","Yes",0,0,2018-01-01
"2477",2018,"New Mexico","Agriculture","Upper Basin","Yes",272692.358840754,0.272692358840754,2018-01-01
"2478",2018,"New Mexico","Export","Upper Basin","Yes",35260.2,0.0352602,2018-01-01
"2479",2018,"New Mexico","Mineral","Upper Basin","Yes",145.399327448508,0.000145399327448508,2018-01-01
"2480",2018,"New Mexico","Municipal and Industrial","Upper Basin","Yes",11050.9341033704,0.0110509341033704,2018-01-01
"2481",2018,"New Mexico","Power","Upper Basin","Yes",27249.3748161153,0.0272493748161153,2018-01-01
"2482",2018,"New Mexico","Reservoir Evaporation","Upper Basin","Yes",25232.137554,0.025232137554,2018-01-01
"2483",2018,"Utah","Agriculture","Upper Basin","Yes",766867.97829407,0.76686797829407,2018-01-01
"2484",2018,"Utah","Export","Upper Basin","Yes",130542.532140887,0.130542532140887,2018-01-01
"2485",2018,"Utah","Import","Upper Basin","Yes",-4703.84981128767,-0.00470384981128767,2018-01-01
"2486",2018,"Utah","Mineral","Upper Basin","Yes",854.501170960188,0.000854501170960188,2018-01-01
"2487",2018,"Utah","Municipal and Industrial","Upper Basin","Yes",15585.7795602171,0.0155857795602171,2018-01-01
"2488",2018,"Utah","Power","Upper Basin","Yes",29591.58,0.02959158,2018-01-01
"2489",2018,"Utah","Reservoir Evaporation","Upper Basin","Yes",164999.15090019,0.16499915090019,2018-01-01
"2490",2018,"Wyoming","Agriculture","Upper Basin","Yes",662868.356521366,0.662868356521366,2018-01-01
"2491",2018,"Wyoming","Export","Upper Basin","Yes",9166.7,0.0091667,2018-01-01
"2492",2018,"Wyoming","Import","Upper Basin","Yes",0,0,2018-01-01
"2493",2018,"Wyoming","Mineral","Upper Basin","Yes",575.035984766983,0.000575035984766983,2018-01-01
"2494",2018,"Wyoming","Municipal and Industrial","Upper Basin","Yes",7275.71451648038,0.00727571451648038,2018-01-01
"2495",2018,"Wyoming","Power","Upper Basin","Yes",32066,0.032066,2018-01-01
"2496",2018,"Wyoming","Reservoir Evaporation","Upper Basin","Yes",33690.0300397112,0.0336900300397112,2018-01-01
"2497",2019,"Arizona","Agriculture","Lower Basin","Yes",1030914,1.030914,2019-01-01
"2498",2019,"Arizona","Agriculture","Upper Basin","Yes",2606.48346553191,0.00260648346553191,2019-01-01
"2499",2019,"Arizona","Export","Lower Basin","Yes",0,0,2019-01-01
"2500",2019,"Arizona","Export","Upper Basin","Yes",0,0,2019-01-01
"2501",2019,"Arizona","Export Within System","Lower Basin","Yes",1571530,1.57153,2019-01-01
"2502",2019,"Arizona","Import","Upper Basin","Yes",0,0,2019-01-01
"2503",2019,"Arizona","Mineral","Upper Basin","Yes",0,0,2019-01-01
"2504",2019,"Arizona","Municipal and Industrial","Lower Basin","Yes",38847,0.038847,2019-01-01
"2505",2019,"Arizona","Municipal and Industrial","Upper Basin","Yes",5120.73892743953,0.00512073892743953,2019-01-01
"2506",2019,"Arizona","Power","Lower Basin","Yes",20,2e-05,2019-01-01
"2507",2019,"Arizona","Power","Upper Basin","Yes",19550,0.01955,2019-01-01
"2508",2019,"Arizona","Reservoir Evaporation","Upper Basin","Yes",3660.90017964495,0.00366090017964495,2019-01-01
"2509",2019,"California","Agriculture","Lower Basin","Yes",405878,0.405878,2019-01-01
"2510",2019,"California","Export","Lower Basin","Yes",3634932,3.634932,2019-01-01
"2511",2019,"California","Export Within System","Lower Basin","Yes",0,0,2019-01-01
"2512",2019,"California","Municipal and Industrial","Lower Basin","Yes",2133,0.002133,2019-01-01
"2513",2019,"California","Power","Lower Basin","Yes",0,0,2019-01-01
"2514",2019,"Colorado","Agriculture","Upper Basin","Yes",1249988.29256861,1.24998829256861,2019-01-01
"2515",2019,"Colorado","Export","Upper Basin","Yes",858413.66,0.85841366,2019-01-01
"2516",2019,"Colorado","Import","Upper Basin","Yes",-255818.6,-0.2558186,2019-01-01
"2517",2019,"Colorado","Mineral","Upper Basin","Yes",2142.92000457048,0.00214292000457048,2019-01-01
"2518",2019,"Colorado","Municipal and Industrial","Upper Basin","Yes",43834.0120099284,0.0438340120099284,2019-01-01
"2519",2019,"Colorado","Power","Upper Basin","Yes",16910.85,0.01691085,2019-01-01
"2520",2019,"Colorado","Reservoir Evaporation","Upper Basin","Yes",92573.9738468407,0.0925739738468407,2019-01-01
"2521",2019,"Lake Powell","Reservoir Evaporation","Upper Basin","Yes",355521.9783525,0.3555219783525,2019-01-01
"2522",2019,"Lower Basin Reservoirs","Reservoir Evaporation","Lower Basin","No",779180,0.77918,2019-01-01
"2523",2019,"Mexico","Mexico Deliveries","Mexico","Yes",1651878,1.651878,2019-01-01
"2524",2019,"Nevada","Agriculture","Lower Basin","Yes",1979,0.001979,2019-01-01
"2525",2019,"Nevada","Export","Lower Basin","Yes",0,0,2019-01-01
"2526",2019,"Nevada","Export Within System","Lower Basin","Yes",0,0,2019-01-01
"2527",2019,"Nevada","Municipal and Industrial","Lower Basin","Yes",237067,0.237067,2019-01-01
"2528",2019,"Nevada","Power","Lower Basin","Yes",0,0,2019-01-01
"2529",2019,"New Mexico","Agriculture","Upper Basin","Yes",221482.342929063,0.221482342929063,2019-01-01
"2530",2019,"New Mexico","Export","Upper Basin","Yes",138801.3,0.1388013,2019-01-01
"2531",2019,"New Mexico","Mineral","Upper Basin","Yes",145.399327448508,0.000145399327448508,2019-01-01
"2532",2019,"New Mexico","Municipal and Industrial","Upper Basin","Yes",10911.0733043453,0.0109110733043453,2019-01-01
"2533",2019,"New Mexico","Power","Upper Basin","Yes",27873.2513305806,0.0278732513305806,2019-01-01
"2534",2019,"New Mexico","Reservoir Evaporation","Upper Basin","Yes",27026.38388,0.02702638388,2019-01-01
"2535",2019,"Utah","Agriculture","Upper Basin","Yes",674440.801597908,0.674440801597908,2019-01-01
"2536",2019,"Utah","Export","Upper Basin","Yes",109172.893149795,0.109172893149795,2019-01-01
"2537",2019,"Utah","Import","Upper Basin","Yes",-4689.72066115702,-0.00468972066115702,2019-01-01
"2538",2019,"Utah","Mineral","Upper Basin","Yes",854.501170960188,0.000854501170960188,2019-01-01
"2539",2019,"Utah","Municipal and Industrial","Upper Basin","Yes",15620.8575295352,0.0156208575295352,2019-01-01
"2540",2019,"Utah","Power","Upper Basin","Yes",30991.49,0.03099149,2019-01-01
"2541",2019,"Utah","Reservoir Evaporation","Upper Basin","Yes",162974.489267408,0.162974489267408,2019-01-01
"2542",2019,"Wyoming","Agriculture","Upper Basin","Yes",537844.904288662,0.537844904288662,2019-01-01
"2543",2019,"Wyoming","Export","Upper Basin","Yes",17722,0.017722,2019-01-01
"2544",2019,"Wyoming","Import","Upper Basin","Yes",0,0,2019-01-01
"2545",2019,"Wyoming","Mineral","Upper Basin","Yes",575.035984766983,0.000575035984766983,2019-01-01
"2546",2019,"Wyoming","Municipal and Industrial","Upper Basin","Yes",7224.04759830166,0.00722404759830166,2019-01-01
"2547",2019,"Wyoming","Power","Upper Basin","Yes",29025,0.029025,2019-01-01
"2548",2019,"Wyoming","Reservoir Evaporation","Upper Basin","Yes",32510.2412178131,0.0325102412178131,2019-01-01
"2549",2020,"Arizona","Agriculture","Lower Basin","Yes",977245,0.977245,2020-01-01
"2550",2020,"Arizona","Agriculture","Upper Basin","Yes",1871.47172135647,0.00187147172135647,2020-01-01
"2551",2020,"Arizona","Export","Lower Basin","Yes",0,0,2020-01-01
"2552",2020,"Arizona","Export","Upper Basin","Yes",0,0,2020-01-01
"2553",2020,"Arizona","Export Within System","Lower Basin","Yes",1318706,1.318706,2020-01-01
"2554",2020,"Arizona","Import","Upper Basin","Yes",0,0,2020-01-01
"2555",2020,"Arizona","Mineral","Upper Basin","Yes",0,0,2020-01-01
"2556",2020,"Arizona","Municipal and Industrial","Lower Basin","Yes",39948,0.039948,2020-01-01
"2557",2020,"Arizona","Municipal and Industrial","Upper Basin","Yes",4543.9695318438,0.0045439695318438,2020-01-01
"2558",2020,"Arizona","Power","Lower Basin","Yes",0,0,2020-01-01
"2559",2020,"Arizona","Power","Upper Basin","Yes",2825.83,0.00282583,2020-01-01
"2560",2020,"Arizona","Reservoir Evaporation","Upper Basin","Yes",3844.10947515444,0.00384410947515444,2020-01-01
"2561",2020,"California","Agriculture","Lower Basin","Yes",372016,0.372016,2020-01-01
"2562",2020,"California","Export","Lower Basin","Yes",3379704,3.379704,2020-01-01
"2563",2020,"California","Export Within System","Lower Basin","Yes",0,0,2020-01-01
"2564",2020,"California","Municipal and Industrial","Lower Basin","Yes",2222,0.002222,2020-01-01
"2565",2020,"California","Power","Lower Basin","Yes",0,0,2020-01-01
"2566",2020,"Colorado","Agriculture","Upper Basin","Yes",1492552.49255091,1.49255249255091,2020-01-01
"2567",2020,"Colorado","Export","Upper Basin","Yes",747544.5302,0.7475445302,2020-01-01
"2568",2020,"Colorado","Import","Upper Basin","Yes",-262493.3702,-0.2624933702,2020-01-01
"2569",2020,"Colorado","Mineral","Upper Basin","Yes",2142.92000457048,0.00214292000457048,2020-01-01
"2570",2020,"Colorado","Municipal and Industrial","Upper Basin","Yes",43985.088996931,0.043985088996931,2020-01-01
"2571",2020,"Colorado","Power","Upper Basin","Yes",16280.978,0.016280978,2020-01-01
"2572",2020,"Colorado","Reservoir Evaporation","Upper Basin","Yes",99032.3055760997,0.0990323055760997,2020-01-01
"2573",2020,"Lake Powell","Reservoir Evaporation","Upper Basin","Yes",372177.9017976,0.3721779017976,2020-01-01
"2574",2020,"Lower Basin Reservoirs","Reservoir Evaporation","Lower Basin","No",787798,0.787798,2020-01-01
"2575",2020,"Mexico","Mexico Deliveries","Mexico","Yes",1642888,1.642888,2020-01-01
"2576",2020,"Nevada","Agriculture","Lower Basin","Yes",1819,0.001819,2020-01-01
"2577",2020,"Nevada","Export","Lower Basin","Yes",0,0,2020-01-01
"2578",2020,"Nevada","Export Within System","Lower Basin","Yes",0,0,2020-01-01
"2579",2020,"Nevada","Municipal and Industrial","Lower Basin","Yes",258608,0.258608,2020-01-01
"2580",2020,"Nevada","Power","Lower Basin","Yes",0,0,2020-01-01
"2581",2020,"New Mexico","Agriculture","Upper Basin","Yes",263324.278974501,0.263324278974501,2020-01-01
"2582",2020,"New Mexico","Export","Upper Basin","Yes",45032.2,0.0450322,2020-01-01
"2583",2020,"New Mexico","Mineral","Upper Basin","Yes",145.399327448508,0.000145399327448508,2020-01-01
"2584",2020,"New Mexico","Municipal and Industrial","Upper Basin","Yes",10850.2095805746,0.0108502095805746,2020-01-01
"2585",2020,"New Mexico","Power","Upper Basin","Yes",29037.2313388912,0.0290372313388912,2020-01-01
"2586",2020,"New Mexico","Reservoir Evaporation","Upper Basin","Yes",27714.033595,0.027714033595,2020-01-01
"2587",2020,"Utah","Agriculture","Upper Basin","Yes",826449.434917175,0.826449434917175,2020-01-01
"2588",2020,"Utah","Export","Upper Basin","Yes",156464.46908,0.15646446908,2020-01-01
"2589",2020,"Utah","Import","Upper Basin","Yes",-4689.72066115702,-0.00468972066115702,2020-01-01
"2590",2020,"Utah","Mineral","Upper Basin","Yes",854.501170960188,0.000854501170960188,2020-01-01
"2591",2020,"Utah","Municipal and Industrial","Upper Basin","Yes",15671.3170039629,0.0156713170039629,2020-01-01
"2592",2020,"Utah","Power","Upper Basin","Yes",27064.1,0.0270641,2020-01-01
"2593",2020,"Utah","Reservoir Evaporation","Upper Basin","Yes",164297.98145053,0.16429798145053,2020-01-01
"2594",2020,"Wyoming","Agriculture","Upper Basin","Yes",636254.818684844,0.636254818684844,2020-01-01
"2595",2020,"Wyoming","Export","Upper Basin","Yes",10128.47,0.01012847,2020-01-01
"2596",2020,"Wyoming","Import","Upper Basin","Yes",0,0,2020-01-01
"2597",2020,"Wyoming","Mineral","Upper Basin","Yes",575.035984766983,0.000575035984766983,2020-01-01
"2598",2020,"Wyoming","Municipal and Industrial","Upper Basin","Yes",7181.74133695427,0.00718174133695427,2020-01-01
"2599",2020,"Wyoming","Power","Upper Basin","Yes",25541,0.025541,2020-01-01
"2600",2020,"Wyoming","Reservoir Evaporation","Upper Basin","Yes",33767.1266005189,0.0337671266005189,2020-01-01
"2601",2021,"Arizona","Agriculture","Lower Basin","Yes",1039452,1.039452,2021-01-01
"2602",2021,"Arizona","Agriculture","Upper Basin","Yes",1974.32902775997,0.00197432902775997,2021-01-01
"2603",2021,"Arizona","Export","Lower Basin","Yes",0,0,2021-01-01
"2604",2021,"Arizona","Export","Upper Basin","Yes",0,0,2021-01-01
"2605",2021,"Arizona","Export Within System","Lower Basin","Yes",1439603,1.439603,2021-01-01
"2606",2021,"Arizona","Import","Upper Basin","Yes",0,0,2021-01-01
"2607",2021,"Arizona","Mineral","Upper Basin","Yes",0,0,2021-01-01
"2608",2021,"Arizona","Municipal and Industrial","Lower Basin","Yes",40952,0.040952,2021-01-01
"2609",2021,"Arizona","Municipal and Industrial","Upper Basin","Yes",5120.19343398625,0.00512019343398625,2021-01-01
"2610",2021,"Arizona","Power","Lower Basin","Yes",0,0,2021-01-01
"2611",2021,"Arizona","Power","Upper Basin","Yes",57.58,5.758e-05,2021-01-01
"2612",2021,"Arizona","Reservoir Evaporation","Upper Basin","Yes",3615.70665517451,0.00361570665517451,2021-01-01
"2613",2021,"California","Agriculture","Lower Basin","Yes",423728,0.423728,2021-01-01
"2614",2021,"California","Export","Lower Basin","Yes",3980523,3.980523,2021-01-01
"2615",2021,"California","Export Within System","Lower Basin","Yes",0,0,2021-01-01
"2616",2021,"California","Municipal and Industrial","Lower Basin","Yes",2453,0.002453,2021-01-01
"2617",2021,"California","Power","Lower Basin","Yes",0,0,2021-01-01
"2618",2021,"Colorado","Agriculture","Upper Basin","Yes",1173684.61927126,1.17368461927126,2021-01-01
"2619",2021,"Colorado","Export","Upper Basin","Yes",641583.36,0.64158336,2021-01-01
"2620",2021,"Colorado","Import","Upper Basin","Yes",-123608.96,-0.12360896,2021-01-01
"2621",2021,"Colorado","Mineral","Upper Basin","Yes",2142.92000457048,0.00214292000457048,2021-01-01
"2622",2021,"Colorado","Municipal and Industrial","Upper Basin","Yes",44328.7561270694,0.0443287561270694,2021-01-01
"2623",2021,"Colorado","Power","Upper Basin","Yes",15953.418,0.015953418,2021-01-01
"2624",2021,"Colorado","Reservoir Evaporation","Upper Basin","Yes",95921.9235537236,0.0959219235537236,2021-01-01
"2625",2021,"Lake Powell","Reservoir Evaporation","Upper Basin","Yes",276791.5836923,0.2767915836923,2021-01-01
"2626",2021,"Lower Basin Reservoirs","Reservoir Evaporation","Lower Basin","No",805155,0.805155,2021-01-01
"2627",2021,"Mexico","Mexico Deliveries","Mexico","Yes",1610556,1.610556,2021-01-01
"2628",2021,"Nevada","Agriculture","Lower Basin","Yes",2238,0.002238,2021-01-01
"2629",2021,"Nevada","Export","Lower Basin","Yes",0,0,2021-01-01
"2630",2021,"Nevada","Export Within System","Lower Basin","Yes",0,0,2021-01-01
"2631",2021,"Nevada","Municipal and Industrial","Lower Basin","Yes",244289,0.244289,2021-01-01
"2632",2021,"Nevada","Power","Lower Basin","Yes",0,0,2021-01-01
"2633",2021,"New Mexico","Agriculture","Upper Basin","Yes",243958.056402993,0.243958056402993,2021-01-01
"2634",2021,"New Mexico","Export","Upper Basin","Yes",56279.68,0.05627968,2021-01-01
"2635",2021,"New Mexico","Mineral","Upper Basin","Yes",145.399327448508,0.000145399327448508,2021-01-01
"2636",2021,"New Mexico","Municipal and Industrial","Upper Basin","Yes",10791.1054661623,0.0107911054661623,2021-01-01
"2637",2021,"New Mexico","Power","Upper Basin","Yes",27173.4290324425,0.0271734290324425,2021-01-01
"2638",2021,"New Mexico","Reservoir Evaporation","Upper Basin","Yes",24767.5723258976,0.0247675723258976,2021-01-01
"2639",2021,"Utah","Agriculture","Upper Basin","Yes",623739.600135048,0.623739600135048,2021-01-01
"2640",2021,"Utah","Export","Upper Basin","Yes",134992.597181,0.134992597181,2021-01-01
"2641",2021,"Utah","Import","Upper Basin","Yes",-4689.72066115702,-0.00468972066115702,2021-01-01
"2642",2021,"Utah","Mineral","Upper Basin","Yes",854.501170960188,0.000854501170960188,2021-01-01
"2643",2021,"Utah","Municipal and Industrial","Upper Basin","Yes",15820.1588842111,0.0158201588842111,2021-01-01
"2644",2021,"Utah","Power","Upper Basin","Yes",32562.3,0.0325623,2021-01-01
"2645",2021,"Utah","Reservoir Evaporation","Upper Basin","Yes",161961.107059614,0.161961107059614,2021-01-01
"2646",2021,"Wyoming","Agriculture","Upper Basin","Yes",548070.553896701,0.548070553896701,2021-01-01
"2647",2021,"Wyoming","Export","Upper Basin","Yes",11729.5,0.0117295,2021-01-01
"2648",2021,"Wyoming","Import","Upper Basin","Yes",0,0,2021-01-01
"2649",2021,"Wyoming","Mineral","Upper Basin","Yes",575.035984766983,0.000575035984766983,2021-01-01
"2650",2021,"Wyoming","Municipal and Industrial","Upper Basin","Yes",7135.07885315053,0.00713507885315053,2021-01-01
"2651",2021,"Wyoming","Power","Upper Basin","Yes",26420.1,0.0264201,2021-01-01
"2652",2021,"Wyoming","Reservoir Evaporation","Upper Basin","Yes",30407.0053884237,0.0304070053884237,2021-01-01
"2653",2022,"Arizona","Agriculture","Lower Basin","Yes",1013322,1.013322,2022-01-01
"2654",2022,"Arizona","Agriculture","Upper Basin","Yes",2338.52552880769,0.00233852552880769,2022-01-01
"2655",2022,"Arizona","Export","Lower Basin","Yes",0,0,2022-01-01
"2656",2022,"Arizona","Export","Upper Basin","Yes",0,0,2022-01-01
"2657",2022,"Arizona","Export Within System","Lower Basin","Yes",1112127,1.112127,2022-01-01
"2658",2022,"Arizona","Import","Upper Basin","Yes",0,0,2022-01-01
"2659",2022,"Arizona","Mineral","Upper Basin","Yes",0,0,2022-01-01
"2660",2022,"Arizona","Municipal and Industrial","Lower Basin","Yes",42334,0.042334,2022-01-01
"2661",2022,"Arizona","Municipal and Industrial","Upper Basin","Yes",4717.05300526664,0.00471705300526663,2022-01-01
"2662",2022,"Arizona","Power","Lower Basin","Yes",0,0,2022-01-01
"2663",2022,"Arizona","Power","Upper Basin","Yes",182.99224662687,0.00018299224662687,2022-01-01
"2664",2022,"Arizona","Reservoir Evaporation","Upper Basin","Yes",3483.64930096839,0.00348364930096839,2022-01-01
"2665",2022,"California","Agriculture","Lower Basin","Yes",390960,0.39096,2022-01-01
"2666",2022,"California","Export","Lower Basin","Yes",4037360,4.03736,2022-01-01
"2667",2022,"California","Export Within System","Lower Basin","Yes",0,0,2022-01-01
"2668",2022,"California","Municipal and Industrial","Lower Basin","Yes",2394,0.002394,2022-01-01
"2669",2022,"California","Power","Lower Basin","Yes",0,0,2022-01-01
"2670",2022,"Colorado","Agriculture","Upper Basin","Yes",1237316.72281086,1.23731672281086,2022-01-01
"2671",2022,"Colorado","Export","Upper Basin","Yes",689933.0945,0.6899330945,2022-01-01
"2672",2022,"Colorado","Import","Upper Basin","Yes",-178437.8345,-0.1784378345,2022-01-01
"2673",2022,"Colorado","Mineral","Upper Basin","Yes",2142.92000457048,0.00214292000457048,2022-01-01
"2674",2022,"Colorado","Municipal and Industrial","Upper Basin","Yes",44512.096891875,0.044512096891875,2022-01-01
"2675",2022,"Colorado","Power","Upper Basin","Yes",16565.6085,0.0165656085,2022-01-01
"2676",2022,"Colorado","Reservoir Evaporation","Upper Basin","Yes",97530.6097680144,0.0975306097680144,2022-01-01
"2677",2022,"Lake Powell","Reservoir Evaporation","Upper Basin","Yes",203150.9918304,0.2031509918304,2022-01-01
"2678",2022,"Lower Basin Reservoirs","Reservoir Evaporation","Lower Basin","No",748051,0.748051,2022-01-01
"2679",2022,"Mexico","Mexico Deliveries","Mexico","Yes",1610023,1.610023,2022-01-01
"2680",2022,"Nevada","Agriculture","Lower Basin","Yes",2012,0.002012,2022-01-01
"2681",2022,"Nevada","Export","Lower Basin","Yes",0,0,2022-01-01
"2682",2022,"Nevada","Export Within System","Lower Basin","Yes",0,0,2022-01-01
"2683",2022,"Nevada","Municipal and Industrial","Lower Basin","Yes",226180,0.22618,2022-01-01
"2684",2022,"Nevada","Power","Lower Basin","Yes",0,0,2022-01-01
"2685",2022,"New Mexico","Agriculture","Upper Basin","Yes",227514.639948057,0.227514639948057,2022-01-01
"2686",2022,"New Mexico","Export","Upper Basin","Yes",61670,0.06167,2022-01-01
"2687",2022,"New Mexico","Mineral","Upper Basin","Yes",145.399327448508,0.000145399327448508,2022-01-01
"2688",2022,"New Mexico","Municipal and Industrial","Upper Basin","Yes",10745.1044191331,0.0107451044191331,2022-01-01
"2689",2022,"New Mexico","Power","Upper Basin","Yes",28847.4233167673,0.0288474233167673,2022-01-01
"2690",2022,"New Mexico","Reservoir Evaporation","Upper Basin","Yes",22291.3915839835,0.0222913915839835,2022-01-01
"2691",2022,"Utah","Agriculture","Upper Basin","Yes",626064.723941018,0.626064723941018,2022-01-01
"2692",2022,"Utah","Export","Upper Basin","Yes",126906.478972,0.126906478972,2022-01-01
"2693",2022,"Utah","Import","Upper Basin","Yes",-4689.72066115702,-0.00468972066115702,2022-01-01
"2694",2022,"Utah","Mineral","Upper Basin","Yes",854.501170960188,0.000854501170960188,2022-01-01
"2695",2022,"Utah","Municipal and Industrial","Upper Basin","Yes",16059.1320478732,0.0160591320478732,2022-01-01
"2696",2022,"Utah","Power","Upper Basin","Yes",31694.76,0.03169476,2022-01-01
"2697",2022,"Utah","Reservoir Evaporation","Upper Basin","Yes",157743.373188309,0.157743373188309,2022-01-01
"2698",2022,"Wyoming","Agriculture","Upper Basin","Yes",548774.655736385,0.548774655736385,2022-01-01
"2699",2022,"Wyoming","Export","Upper Basin","Yes",15904.17,0.01590417,2022-01-01
"2700",2022,"Wyoming","Import","Upper Basin","Yes",0,0,2022-01-01
"2701",2022,"Wyoming","Mineral","Upper Basin","Yes",575.035984766983,0.000575035984766983,2022-01-01
"2702",2022,"Wyoming","Municipal and Industrial","Upper Basin","Yes",7118.09864163215,0.00711809864163215,2022-01-01
"2703",2022,"Wyoming","Power","Upper Basin","Yes",27949.19,0.02794919,2022-01-01
"2704",2022,"Wyoming","Reservoir Evaporation","Upper Basin","Yes",32761.182001443,0.032761182001443,2022-01-01
"2705",2023,"Arizona","Agriculture","Lower Basin","Yes",1032758,1.032758,2023-01-01
"2706",2023,"Arizona","Agriculture","Upper Basin","Yes",2425.68192581038,0.00242568192581038,2023-01-01
"2707",2023,"Arizona","Export","Lower Basin","Yes",0,0,2023-01-01
"2708",2023,"Arizona","Export","Upper Basin","Yes",0,0,2023-01-01
"2709",2023,"Arizona","Export Within System","Lower Basin","Yes",867203,0.867203,2023-01-01
"2710",2023,"Arizona","Import","Upper Basin","Yes",0,0,2023-01-01
"2711",2023,"Arizona","Mineral","Upper Basin","Yes",0,0,2023-01-01
"2712",2023,"Arizona","Municipal and Industrial","Lower Basin","Yes",41287,0.041287,2023-01-01
"2713",2023,"Arizona","Municipal and Industrial","Upper Basin","Yes",4969.4783502233,0.0049694783502233,2023-01-01
"2714",2023,"Arizona","Power","Lower Basin","Yes",0,0,2023-01-01
"2715",2023,"Arizona","Power","Upper Basin","Yes",181.642256138569,0.000181642256138569,2023-01-01
"2716",2023,"Arizona","Reservoir Evaporation","Upper Basin","Yes",4603.01707489839,0.00460301707489839,2023-01-01
"2717",2023,"California","Agriculture","Lower Basin","Yes",332842,0.332842,2023-01-01
"2718",2023,"California","Export","Lower Basin","Yes",3514615,3.514615,2023-01-01
"2719",2023,"California","Export Within System","Lower Basin","Yes",0,0,2023-01-01
"2720",2023,"California","Municipal and Industrial","Lower Basin","Yes",2277,0.002277,2023-01-01
"2721",2023,"California","Power","Lower Basin","Yes",0,0,2023-01-01
"2722",2023,"Colorado","Agriculture","Upper Basin","Yes",1585549.93504354,1.58554993504354,2023-01-01
"2723",2023,"Colorado","Export","Upper Basin","Yes",757319.173890579,0.757319173890579,2023-01-01
"2724",2023,"Colorado","Import","Upper Basin","Yes",-228212.46356,-0.22821246356,2023-01-01
"2725",2023,"Colorado","Mineral","Upper Basin","Yes",2142.92000457048,0.00214292000457048,2023-01-01
"2726",2023,"Colorado","Municipal and Industrial","Upper Basin","Yes",44623.747166682,0.044623747166682,2023-01-01
"2727",2023,"Colorado","Power","Upper Basin","Yes",12840.96,0.01284096,2023-01-01
"2728",2023,"Colorado","Reservoir Evaporation","Upper Basin","Yes",104498.165470711,0.104498165470711,2023-01-01
"2729",2023,"Lake Powell","Reservoir Evaporation","Upper Basin","Yes",230010.4901592,0.2300104901592,2023-01-01
"2730",2023,"Lower Basin Reservoirs","Reservoir Evaporation","Lower Basin","No",711223,0.711223,2023-01-01
"2731",2023,"Mexico","Mexico Deliveries","Mexico","Yes",1570136,1.570136,2023-01-01
"2732",2023,"Nevada","Agriculture","Lower Basin","Yes",1850,0.00185,2023-01-01
"2733",2023,"Nevada","Export","Lower Basin","Yes",0,0,2023-01-01
"2734",2023,"Nevada","Export Within System","Lower Basin","Yes",0,0,2023-01-01
"2735",2023,"Nevada","Municipal and Industrial","Lower Basin","Yes",189729,0.189729,2023-01-01
"2736",2023,"Nevada","Power","Lower Basin","Yes",0,0,2023-01-01
"2737",2023,"New Mexico","Agriculture","Upper Basin","Yes",227973.87553522,0.22797387553522,2023-01-01
"2738",2023,"New Mexico","Export","Upper Basin","Yes",132638.3,0.1326383,2023-01-01
"2739",2023,"New Mexico","Mineral","Upper Basin","Yes",145.399327448508,0.000145399327448508,2023-01-01
"2740",2023,"New Mexico","Municipal and Industrial","Upper Basin","Yes",10741.7889476865,0.0107417889476865,2023-01-01
"2741",2023,"New Mexico","Power","Upper Basin","Yes",20255.688201276,0.020255688201276,2023-01-01
"2742",2023,"New Mexico","Reservoir Evaporation","Upper Basin","Yes",26758.6844475977,0.0267586844475977,2023-01-01
"2743",2023,"Utah","Agriculture","Upper Basin","Yes",775502.247355985,0.775502247355985,2023-01-01
"2744",2023,"Utah","Export","Upper Basin","Yes",130197.174922917,0.130197174922917,2023-01-01
"2745",2023,"Utah","Import","Upper Basin","Yes",-4689.72066115702,-0.00468972066115702,2023-01-01
"2746",2023,"Utah","Mineral","Upper Basin","Yes",854.501170960188,0.000854501170960188,2023-01-01
"2747",2023,"Utah","Municipal and Industrial","Upper Basin","Yes",16218.1621210539,0.0162181621210539,2023-01-01
"2748",2023,"Utah","Power","Upper Basin","Yes",23317.47,0.02331747,2023-01-01
"2749",2023,"Utah","Reservoir Evaporation","Upper Basin","Yes",163045.764649516,0.163045764649516,2023-01-01
"2750",2023,"Wyoming","Agriculture","Upper Basin","Yes",523742.305595167,0.523742305595167,2023-01-01
"2751",2023,"Wyoming","Export","Upper Basin","Yes",11102.236,0.011102236,2023-01-01
"2752",2023,"Wyoming","Import","Upper Basin","Yes",0,0,2023-01-01
"2753",2023,"Wyoming","Mineral","Upper Basin","Yes",575.035984766983,0.000575035984766983,2023-01-01
"2754",2023,"Wyoming","Municipal and Industrial","Upper Basin","Yes",7130.77530681728,0.00713077530681728,2023-01-01
"2755",2023,"Wyoming","Power","Upper Basin","Yes",24159.8620850205,0.0241598620850205,2023-01-01
"2756",2023,"Wyoming","Reservoir Evaporation","Upper Basin","Yes",36867.720913779,0.036867720913779,2023-01-01
"2757",2024,"Arizona","Agriculture","Lower Basin","Yes",979460,0.97946,2024-01-01
"2758",2024,"Arizona","Agriculture","Upper Basin","Yes",2892.52440381738,0.00289252440381737,2024-01-01
"2759",2024,"Arizona","Export","Lower Basin","Yes",0,0,2024-01-01
"2760",2024,"Arizona","Export","Upper Basin","Yes",0,0,2024-01-01
"2761",2024,"Arizona","Export Within System","Lower Basin","Yes",891435,0.891435,2024-01-01
"2762",2024,"Arizona","Import","Upper Basin","Yes",0,0,2024-01-01
"2763",2024,"Arizona","Mineral","Upper Basin","Yes",0,0,2024-01-01
"2764",2024,"Arizona","Municipal and Industrial","Lower Basin","Yes",44142,0.044142,2024-01-01
"2765",2024,"Arizona","Municipal and Industrial","Upper Basin","Yes",5102.87616078229,0.00510287616078229,2024-01-01
"2766",2024,"Arizona","Power","Lower Basin","Yes",0,0,2024-01-01
"2767",2024,"Arizona","Power","Upper Basin","Yes",0,0,2024-01-01
"2768",2024,"Arizona","Reservoir Evaporation","Upper Basin","Yes",4482.77288700437,0.00448277288700437,2024-01-01
"2769",2024,"California","Agriculture","Lower Basin","Yes",332733,0.332733,2024-01-01
"2770",2024,"California","Export","Lower Basin","Yes",3404211,3.404211,2024-01-01
"2771",2024,"California","Export Within System","Lower Basin","Yes",0,0,2024-01-01
"2772",2024,"California","Municipal and Industrial","Lower Basin","Yes",2432,0.002432,2024-01-01
"2773",2024,"California","Power","Lower Basin","Yes",0,0,2024-01-01
"2774",2024,"Colorado","Agriculture","Upper Basin","Yes",1285214.97271564,1.28521497271564,2024-01-01
"2775",2024,"Colorado","Export","Upper Basin","Yes",690937.993208264,0.690937993208264,2024-01-01
"2776",2024,"Colorado","Import","Upper Basin","Yes",-226567.6322,-0.2265676322,2024-01-01
"2777",2024,"Colorado","Mineral","Upper Basin","Yes",2142.92000457048,0.00214292000457048,2024-01-01
"2778",2024,"Colorado","Municipal and Industrial","Upper Basin","Yes",44852.4926419675,0.0448524926419675,2024-01-01
"2779",2024,"Colorado","Power","Upper Basin","Yes",12910.562,0.012910562,2024-01-01
"2780",2024,"Colorado","Reservoir Evaporation","Upper Basin","Yes",105069.251860172,0.105069251860172,2024-01-01
"2781",2024,"Lake Powell","Reservoir Evaporation","Upper Basin","Yes",268701.1186098,0.2687011186098,2024-01-01
"2782",2024,"Lower Basin Reservoirs","Reservoir Evaporation","Lower Basin","No",776314,0.776314,2024-01-01
"2783",2024,"Mexico","Mexico Deliveries","Mexico","Yes",1473050,1.47305,2024-01-01
"2784",2024,"Nevada","Agriculture","Lower Basin","Yes",1398,0.001398,2024-01-01
"2785",2024,"Nevada","Export","Lower Basin","Yes",0,0,2024-01-01
"2786",2024,"Nevada","Export Within System","Lower Basin","Yes",0,0,2024-01-01
"2787",2024,"Nevada","Municipal and Industrial","Lower Basin","Yes",196800,0.1968,2024-01-01
"2788",2024,"Nevada","Power","Lower Basin","Yes",0,0,2024-01-01
"2789",2024,"New Mexico","Agriculture","Upper Basin","Yes",230767.706540512,0.230767706540512,2024-01-01
"2790",2024,"New Mexico","Export","Upper Basin","Yes",67900.01,0.06790001,2024-01-01
"2791",2024,"New Mexico","Mineral","Upper Basin","Yes",145.399327448508,0.000145399327448508,2024-01-01
"2792",2024,"New Mexico","Municipal and Industrial","Upper Basin","Yes",10753.6963535944,0.0107536963535944,2024-01-01
"2793",2024,"New Mexico","Power","Upper Basin","Yes",17791.8187332624,0.0177918187332624,2024-01-01
"2794",2024,"New Mexico","Reservoir Evaporation","Upper Basin","Yes",26551.7599617496,0.0265517599617496,2024-01-01
"2795",2024,"Utah","Agriculture","Upper Basin","Yes",801498.683980732,0.801498683980732,2024-01-01
"2796",2024,"Utah","Export","Upper Basin","Yes",216535.440553763,0.216535440553763,2024-01-01
"2797",2024,"Utah","Import","Upper Basin","Yes",-4689.72066115702,-0.00468972066115702,2024-01-01
"2798",2024,"Utah","Mineral","Upper Basin","Yes",854.501170960188,0.000854501170960188,2024-01-01
"2799",2024,"Utah","Municipal and Industrial","Upper Basin","Yes",16370.3651376788,0.0163703651376788,2024-01-01
"2800",2024,"Utah","Power","Upper Basin","Yes",20754.86,0.02075486,2024-01-01
"2801",2024,"Utah","Reservoir Evaporation","Upper Basin","Yes",171180.801658507,0.171180801658507,2024-01-01
"2802",2024,"Wyoming","Agriculture","Upper Basin","Yes",614931.188882974,0.614931188882974,2024-01-01
"2803",2024,"Wyoming","Export","Upper Basin","Yes",7445.08,0.00744508,2024-01-01
"2804",2024,"Wyoming","Import","Upper Basin","Yes",0,0,2024-01-01
"2805",2024,"Wyoming","Mineral","Upper Basin","Yes",575.035984766983,0.000575035984766983,2024-01-01
"2806",2024,"Wyoming","Municipal and Industrial","Upper Basin","Yes",7133.42953120054,0.00713342953120054,2024-01-01
"2807",2024,"Wyoming","Power","Upper Basin","Yes",21369.63,0.02136963,2024-01-01
"2808",2024,"Wyoming","Reservoir Evaporation","Upper Basin","Yes",40073.4234710176,0.0400734234710177,2024-01-01
"2809",2025,"Arizona","Agriculture","Lower Basin","Yes",198834,0.198834,2025-01-01
"2810",2025,"Arizona","Agriculture","Upper Basin","Yes",364.272426110091,0.000364272426110091,2025-01-01
"2811",2025,"Arizona","Export","Lower Basin","Yes",0,0,2025-01-01
"2812",2025,"Arizona","Export","Upper Basin","Yes",0,0,2025-01-01
"2813",2025,"Arizona","Export Within System","Lower Basin","Yes",138699,0.138699,2025-01-01
"2814",2025,"Arizona","Import","Upper Basin","Yes",0,0,2025-01-01
"2815",2025,"Arizona","Mineral","Upper Basin","Yes",0,0,2025-01-01
"2816",2025,"Arizona","Municipal and Industrial","Lower Basin","Yes",10014,0.010014,2025-01-01
"2817",2025,"Arizona","Municipal and Industrial","Upper Basin","Yes",864.435,0.000864435,2025-01-01
"2818",2025,"Arizona","Power","Lower Basin","Yes",0,0,2025-01-01
"2819",2025,"Arizona","Power","Upper Basin","Yes",0,0,2025-01-01
"2820",2025,"Arizona","Reservoir Evaporation","Upper Basin","Yes",528.00696,0.00052800696,2025-01-01
"2821",2025,"California","Agriculture","Lower Basin","Yes",51497,0.051497,2025-01-01
"2822",2025,"California","Export","Lower Basin","Yes",892179,0.892179,2025-01-01
"2823",2025,"California","Export Within System","Lower Basin","Yes",0,0,2025-01-01
"2824",2025,"California","Municipal and Industrial","Lower Basin","Yes",476,0.000476,2025-01-01
"2825",2025,"California","Power","Lower Basin","Yes",0,0,2025-01-01
"2826",2025,"Colorado","Agriculture","Upper Basin","Yes",80677.8950826264,0.0806778950826264,2025-01-01
"2827",2025,"Colorado","Export","Upper Basin","Yes",91937.524,0.091937524,2025-01-01
"2828",2025,"Colorado","Import","Upper Basin","Yes",-13706.88,-0.01370688,2025-01-01
"2829",2025,"Colorado","Mineral","Upper Basin","Yes",514.300801096914,0.000514300801096914,2025-01-01
"2830",2025,"Colorado","Municipal and Industrial","Upper Basin","Yes",7587.32095560422,0.00758732095560422,2025-01-01
"2831",2025,"Colorado","Power","Upper Basin","Yes",3566.162,0.003566162,2025-01-01
"2832",2025,"Colorado","Reservoir Evaporation","Upper Basin","Yes",9185.81449201654,0.00918581449201654,2025-01-01
"2833",2025,"Lake Powell","Reservoir Evaporation","Upper Basin","Yes",67873.9896637,0.0678739896637,2025-01-01
"2834",2025,"Lower Basin Reservoirs","Reservoir Evaporation","Lower Basin","No",200588,0.200588,2025-01-01
"2835",2025,"Mexico","Mexico Deliveries","Mexico","Yes",273413,0.273413,2025-01-01
"2836",2025,"Nevada","Agriculture","Lower Basin","Yes",437,0.000437,2025-01-01
"2837",2025,"Nevada","Export","Lower Basin","Yes",0,0,2025-01-01
"2838",2025,"Nevada","Export Within System","Lower Basin","Yes",0,0,2025-01-01
"2839",2025,"Nevada","Municipal and Industrial","Lower Basin","Yes",44444,0.044444,2025-01-01
"2840",2025,"Nevada","Power","Lower Basin","Yes",0,0,2025-01-01
"2841",2025,"New Mexico","Agriculture","Upper Basin","Yes",21657.168551336,0.021657168551336,2025-01-01
"2842",2025,"New Mexico","Export","Upper Basin","Yes",261.88,0.00026188,2025-01-01
"2843",2025,"New Mexico","Mineral","Upper Basin","Yes",34.8958385876419,3.48958385876419e-05,2025-01-01
"2844",2025,"New Mexico","Municipal and Industrial","Upper Basin","Yes",1817.75665015769,0.00181775665015769,2025-01-01
"2845",2025,"New Mexico","Power","Upper Basin","Yes",4229.75844972318,0.00422975844972318,2025-01-01
"2846",2025,"New Mexico","Reservoir Evaporation","Upper Basin","Yes",3012.75815928008,0.00301275815928008,2025-01-01
"2847",2025,"Utah","Agriculture","Upper Basin","Yes",49844.3060617506,0.0498443060617506,2025-01-01
"2848",2025,"Utah","Export","Upper Basin","Yes",41590.3977822521,0.0415903977822521,2025-01-01
"2849",2025,"Utah","Import","Upper Basin","Yes",-281.630200161847,-0.000281630200161847,2025-01-01
"2850",2025,"Utah","Mineral","Upper Basin","Yes",205.080281030445,0.000205080281030445,2025-01-01
"2851",2025,"Utah","Municipal and Industrial","Upper Basin","Yes",2771.01049300529,0.00277101049300529,2025-01-01
"2852",2025,"Utah","Power","Upper Basin","Yes",5927.2,0.0059272,2025-01-01
"2853",2025,"Utah","Reservoir Evaporation","Upper Basin","Yes",20192.5463399315,0.0201925463399315,2025-01-01
"2854",2025,"Wyoming","Agriculture","Upper Basin","Yes",34370.9255837682,0.0343709255837682,2025-01-01
"2855",2025,"Wyoming","Export","Upper Basin","Yes",90.55,9.055e-05,2025-01-01
"2856",2025,"Wyoming","Import","Upper Basin","Yes",0,0,2025-01-01
"2857",2025,"Wyoming","Mineral","Upper Basin","Yes",138.008636344076,0.000138008636344076,2025-01-01
"2858",2025,"Wyoming","Municipal and Industrial","Upper Basin","Yes",1205.5395378756,0.0012055395378756,2025-01-01
"2859",2025,"Wyoming","Power","Upper Basin","Yes",5371.62668242584,0.00537162668242584,2025-01-01
"2860",2025,"Wyoming","Reservoir Evaporation","Upper Basin","Yes",4958.339749482,0.004958339749482,2025-01-01
